,store_id,name,category,is_food,new_store,instagram_link,instagram_post,instagram_follower,hot_spot,visitor_review_count,blog_review_count,distance_from_subway,on_tv,parking_available,no_kids,seoul_michelin,age-2030,gender-balance,on_blue_ribbon,image_urls,running_well,address,phone,gps,naver_url
0,1250488411,더 멜란지,양식,True,False,https://instagram.com/the_melange_official,46,182,False,251,1799,143,False,False,False,False,,,False,[],0,서울 종로구 돈화문로 60 1층,0507-1442-7844,"{'latitude': 37.5738376, 'longitude': 126.9913349}",https://pcmap.place.naver.com/place/1250488411?entry=bmp&n_ad_group_type=10&n_query=%EB%8C%80%ED%95%99%EB%A1%9C%EB%A7%9B%EC%A7%91&from=map&fromPanelNum=2&x=126.9913349&y=37.5738376&timestamp=202402081204
1,1651486531,종로육가,돼지고기구이,True,False,,,,False,539,547,108,True,False,False,False,,,False,[],1,서울 종로구 돈화문로11다길 10 1층,0507-1348-2351,"{'latitude': 37.5728011, 'longitude': 126.9906136}",https://pcmap.place.naver.com/place/1651486531?entry=bmp&n_ad_group_type=10&n_query=%EB%8C%80%ED%95%99%EB%A1%9C%EB%A7%9B%EC%A7%91&from=map&fromPanelNum=2&x=126.9906136&y=37.5728011&timestamp=202402081204
2,1897389457,도토리 소반,한식,True,True,https://instagram.com/dotorisoban_seoul,7,75,True,150,463,107,False,False,False,False,,,False,[],2,서울 종로구 대학로9길 12 2층 도토리소반,0507-1330-0891,"{'latitude': 37.5818013, 'longitude': 127.001149}",https://pcmap.place.naver.com/place/1897389457?entry=bmp&from=map&fromPanelNum=2&x=127.001149&y=37.5818013&timestamp=202402081204
3,1695056864,한판도 대학로점,"육류,고기요리",True,False,https://instagram.com/hanpando.official,36,390,True,919,1912,75,False,False,False,False,,,False,[],2,서울 종로구 대명길 18 1층,0507-1358-4898,"{'latitude': 37.583498, 'longitude': 127.0005034}",https://pcmap.place.naver.com/place/1695056864?entry=bmp&from=map&fromPanelNum=2&x=127.0005034&y=37.583498&timestamp=202402081204
4,11867483,촌놈,돼지고기구이,True,False,,,,True,1442,2308,122,False,False,False,False,False,False,False,[],2,서울 종로구 대학로8가길 48,0507-1336-1011,"{'latitude': 37.5829574, 'longitude': 127.0023479}",https://pcmap.place.naver.com/place/11867483?entry=bmp&from=map&fromPanelNum=2&x=127.0023479&y=37.5829574&timestamp=202402081205
5,1747236582,미도인 대학로,양식,True,False,,,,True,2482,3874,199,False,False,False,False,,,False,[],2,서울 종로구 대학로9길 32 1층 미도인,0507-1497-1998,"{'latitude': 37.5818711, 'longitude': 127.0003671}",https://pcmap.place.naver.com/place/1747236582?entry=bmp&from=map&fromPanelNum=2&x=127.0003671&y=37.5818711&timestamp=202402081205
6,1588150532,백소정 대학로점,일식당,True,False,,,,True,3230,890,48,False,False,False,False,,,False,[],2,서울 종로구 대학로 143 2층,02-762-0404,"{'latitude': 37.5840201, 'longitude': 127.0013571}",https://pcmap.place.naver.com/place/1588150532?entry=bmp&from=map&fromPanelNum=2&x=127.0013571&y=37.5840201&timestamp=202402081205
7,32407273,혜화양육관,양꼬치,True,False,,,,True,773,1419,169,True,False,False,False,True,False,False,[],1,서울 종로구 대명1길 23,02-743-7763,"{'latitude': 37.5825848, 'longitude': 127.0008095}",https://pcmap.place.naver.com/place/32407273?entry=bmp&from=map&fromPanelNum=2&x=127.0008095&y=37.5825848&timestamp=202402081205
8,11710271,페르시안궁전,인도음식,True,False,https://instagram.com/persianpalace_irankebab,91,624,True,2455,1552,523,True,True,False,False,True,False,True,[],2,서울 종로구 성균관로6길 9,0507-1372-6050,"{'latitude': 37.584872, 'longitude': 126.9973586}",https://pcmap.place.naver.com/place/11710271?entry=bmp&from=map&fromPanelNum=2&x=126.9973586&y=37.584872&timestamp=202402081206
9,1773040934,고기하다,"육류,고기요리",True,False,,,,True,558,3264,90,False,False,False,False,,,True,[],1,서울 종로구 대학로 133-5 고기하다,070-8808-9299,"{'latitude': 37.5829527, 'longitude': 127.0013669}",https://pcmap.place.naver.com/place/1773040934?entry=bmp&from=map&fromPanelNum=2&x=127.0013669&y=37.5829527&timestamp=202402081206
10,1123934065,술비,요리주점,True,False,https://instagram.com/suulbl,48,409,True,442,367,176,False,False,True,False,,,False,[],2,서울 종로구 대학로14길 17 1층 술비,0507-1369-7415,"{'latitude': 37.5841382, 'longitude': 127.0024874}",https://pcmap.place.naver.com/place/1123934065?entry=bmp&from=map&fromPanelNum=2&x=127.0024874&y=37.5841382&timestamp=202402081206
11,1718133788,육미안 혜화점,소고기구이,True,False,,,,True,1004,1964,185,True,False,False,False,,,False,[],2,서울 종로구 창경궁로 246-4 1층 육미안,0507-1449-1611,"{'latitude': 37.5832566, 'longitude': 126.9993945}",https://pcmap.place.naver.com/place/1718133788?entry=bmp&from=map&fromPanelNum=2&x=126.9993945&y=37.5832566&timestamp=202402081207
12,1921219764,장인닭갈비 대학로점,닭갈비,True,False,,,,True,419,1741,109,False,False,False,False,,,False,[],2,서울 종로구 대명길 25 1층,02-743-4859,"{'latitude': 37.5831673, 'longitude': 127.0001913}",https://pcmap.place.naver.com/place/1921219764?entry=bmp&from=map&fromPanelNum=2&x=127.0001913&y=37.5831673&timestamp=202402081207
13,31202565,코야코,떡볶이,True,False,,,,True,1684,2253,283,True,True,False,False,False,True,True,[],2,서울 종로구 동숭길 68 1층 코야코,0507-1466-8590,"{'latitude': 37.5812929, 'longitude': 127.0042899}",https://pcmap.place.naver.com/place/31202565?entry=bmp&from=map&fromPanelNum=2&x=127.0042899&y=37.5812929&timestamp=202402081207
14,31403119,삼겹살 전문점 대통령,"육류,고기요리",True,False,,,,True,972,1044,126,True,True,False,False,False,False,False,[],1,서울 종로구 대학로14길 12-1,02-766-4405,"{'latitude': 37.5838095, 'longitude': 127.0027053}",https://pcmap.place.naver.com/place/31403119?entry=bmp&from=map&fromPanelNum=2&x=127.0027053&y=37.5838095&timestamp=202402081207
15,33646740,핏제리아오 대학로 본점,피자,True,False,https://instagram.com/pizzeria_o,934,7275,True,7724,10429,329,True,True,False,False,False,True,False,[],2,"서울 종로구 동숭길 86 2, 3층",0507-1429-5005,"{'latitude': 37.5820958, 'longitude': 127.0043262}",https://pcmap.place.naver.com/place/33646740?entry=bmp&from=map&fromPanelNum=2&x=127.0043262&y=37.5820958&timestamp=202402081208
16,1000464271,쿄코코 대학로 본점,한식,True,False,,,,True,282,1397,197,False,False,False,False,,,False,[],2,서울 종로구 대학로11길 38-23 1층,0507-1407-7101,"{'latitude': 37.5825887, 'longitude': 127.0004455}",https://pcmap.place.naver.com/place/1000464271?entry=bmp&from=map&fromPanelNum=2&x=127.0004455&y=37.5825887&timestamp=202402081208
17,1409207151,04판,요리주점,True,False,,,,True,486,1587,158,False,False,False,False,,,False,[],1,서울 종로구 대명1길 21,0507-1318-1711,"{'latitude': 37.5827276, 'longitude': 127.0009175}",https://pcmap.place.naver.com/place/1409207151?entry=bmp&from=map&fromPanelNum=2&x=127.0009175&y=37.5827276&timestamp=202402081208
18,1237664708,유캔하이 혜화역점,소고기구이,True,False,https://instagram.com/youcanhigh_hyehwa,31,230,True,467,1603,157,True,False,False,False,,,False,[],2,서울 종로구 창경궁로 246-3 1층,0507-1383-1525,"{'latitude': 37.583372, 'longitude': 126.9997111}",https://pcmap.place.naver.com/place/1237664708?entry=bmp&from=map&fromPanelNum=2&x=126.9997111&y=37.583372&timestamp=202402081208
19,1228101335,칸다소바,일본식라면,True,False,https://instagram.com/kandasoba_ramen,44,534,True,4209,2094,72,True,False,False,False,,,False,[],1,서울 종로구 대학로 131-1,0507-1364-1662,"{'latitude': 37.582901, 'longitude': 127.001384}",https://pcmap.place.naver.com/place/1228101335?entry=bmp&from=map&fromPanelNum=2&x=127.001384&y=37.582901&timestamp=202402081209
20,1791259060,오이지 대학로,한식,True,False,https://instagram.com/oiji_official,71,2296,True,2694,1852,208,True,False,False,False,,,False,[],2,서울 종로구 대학로9길 33,0507-1355-9977,"{'latitude': 37.5818701, 'longitude': 127.0001999}",https://pcmap.place.naver.com/place/1791259060?entry=bmp&from=map&fromPanelNum=2&x=127.0001999&y=37.5818701&timestamp=202402081209
21,1121062750,파스타마켓,"스파게티,파스타전문",True,False,https://instagram.com/Pasta_market,64,856,True,2098,1065,197,False,False,False,False,,,False,[],2,서울 종로구 대학로11길 9-5 1층 파스타마켓,0507-1436-7716,"{'latitude': 37.5820758, 'longitude': 127.0012479}",https://pcmap.place.naver.com/place/1121062750?entry=bmp&from=map&fromPanelNum=2&x=127.0012479&y=37.5820758&timestamp=202402081209
22,1617327676,하루온도 혜화,"카페,디저트",True,False,https://instagram.com/haruondo_cafe,196,807,True,394,134,171,False,False,False,False,,,False,[],2,서울 종로구 대학로9길 22-5 2층 하루온도 혜화,0507-1310-7617,"{'latitude': 37.5818657, 'longitude': 127.0006015}",https://pcmap.place.naver.com/place/1617327676?entry=bmp&n_ad_group_type=10&n_query=%EB%8C%80%ED%95%99%EB%A1%9C%EB%A7%9B%EC%A7%91&from=map&fromPanelNum=2&x=127.0006015&y=37.5818657&timestamp=202402081210
23,820059446,봉심식당,양식,True,False,https://instagram.com/bongsim_restaurant,243,2283,True,1136,1740,211,False,False,False,False,False,True,False,[],2,서울 종로구 대학로11길 38-23 지하 1층,0507-1403-5772,"{'latitude': 37.5825916, 'longitude': 127.0004355}",https://pcmap.place.naver.com/place/820059446?entry=bmp&n_ad_group_type=10&n_query=%EB%8C%80%ED%95%99%EB%A1%9C%EB%A7%9B%EC%A7%91&from=map&fromPanelNum=2&x=127.0004355&y=37.5825916&timestamp=202402081210
24,85806567,호호식당 대학로,일식당,True,False,https://instagram.com/hohosikdang,331,4345,True,3223,2417,217,False,False,False,False,False,True,False,[],2,서울 종로구 대학로9길 35,0507-1317-2384,"{'latitude': 37.5818886, 'longitude': 127.0000654}",https://pcmap.place.naver.com/place/85806567?entry=bmp&from=map&fromPanelNum=2&x=127.0000654&y=37.5818886&timestamp=202402081210
25,11716359,학림,카페,True,False,,,,True,2534,2288,68,True,False,False,False,False,True,True,[],1,서울 종로구 대학로 119 2층 학림카페,02-742-2877,"{'latitude': 37.5819499, 'longitude': 127.0016561}",https://pcmap.place.naver.com/place/11716359?entry=bmp&from=map&fromPanelNum=2&x=127.0016561&y=37.5819499&timestamp=202402081210
26,37420979,더 키친750,이탈리아음식,True,False,,,,True,1478,2293,192,False,False,False,False,False,True,False,[],0,서울 종로구 대학로8가길 80 2층,0507-1307-0554,"{'latitude': 37.5824727, 'longitude': 127.0032821}",https://pcmap.place.naver.com/place/37420979?entry=bmp&from=map&fromPanelNum=2&x=127.0032821&y=37.5824727&timestamp=202402081211
27,37126807,정돈 대학로본점,돈가스,True,False,,,,True,4455,3507,115,True,False,False,False,False,False,False,[],2,서울 종로구 대학로9길 12 지층,0507-1408-0924,"{'latitude': 37.5818016, 'longitude': 127.0011237}",https://pcmap.place.naver.com/place/37126807?entry=bmp&from=map&fromPanelNum=2&x=127.0011237&y=37.5818016&timestamp=202402081211
28,1854089051,갸우뚱,중식당,True,False,https://instagram.com/gyauttung_seoul,130,1160,True,1195,4142,173,False,False,False,False,,,False,[],1,서울 종로구 대학로9길 25,0507-1476-9037,"{'latitude': 37.581614, 'longitude': 127.0004372}",https://pcmap.place.naver.com/place/1854089051?entry=bmp&from=map&fromPanelNum=2&x=127.0004372&y=37.581614&timestamp=202402081211
29,1669566053,동화,요리주점,True,False,https://instagram.com/hyehwa_donghwa,165,312,True,773,414,158,False,False,False,False,,,False,[],2,서울 종로구 대명1길 16-6 2층 동화,0507-1417-8351,"{'latitude': 37.5830503, 'longitude': 127.0004499}",https://pcmap.place.naver.com/place/1669566053?entry=bmp&from=map&fromPanelNum=2&x=127.0004499&y=37.5830503&timestamp=202402081212
30,20148711,순대실록 대학로본점,"순대,순댓국",True,False,https://instagram.com/sundaesilrok,716,4948,True,5127,18471,138,True,False,False,False,False,False,False,[],2,서울 종로구 동숭길 127 우성빌딩,0507-1407-5338,"{'latitude': 37.5832808, 'longitude': 127.0030224}",https://pcmap.place.naver.com/place/20148711?entry=bmp&from=map&fromPanelNum=2&x=127.0030224&y=37.5832808&timestamp=202402081212
31,1119516180,헤이커피,"카페,디저트",True,False,,,,True,490,592,239,False,False,False,False,,,False,[],1,서울 종로구 대학로11길 19-4 헤이커피,070-8811-0209,"{'latitude': 37.582043, 'longitude': 127.0006329}",https://pcmap.place.naver.com/place/1119516180?entry=bmp&from=map&fromPanelNum=2&x=127.0006329&y=37.582043&timestamp=202402081212
32,1353833119,오마카세 오사이초밥 대학로점,"초밥,롤",True,False,,,,True,783,7790,257,False,True,False,False,,,False,[],2,서울 종로구 동숭길 100 혜화 대학로 뮤지컬센터 101호,0507-1316-3374,"{'latitude': 37.582802, 'longitude': 127.0040712}",https://pcmap.place.naver.com/place/1353833119?entry=bmp&from=map&fromPanelNum=2&x=127.0040712&y=37.582802&timestamp=202402081213
33,34431003,뎁짜이 대학로점,베트남음식,True,False,https://instagram.com/dep_trai_korea,677,4711,True,2056,1787,258,True,False,False,False,True,True,False,[],2,서울 종로구 대학로11길 41-4 1층,0507-1421-1915,"{'latitude': 37.5823969, 'longitude': 126.9992354}",https://pcmap.place.naver.com/place/34431003?entry=bmp&from=map&fromPanelNum=2&x=126.9992354&y=37.5823969&timestamp=202402081213
34,11678822,혜화칼국수,"칼국수,만두",True,False,https://instagram.com/hyehwanoodlehouse,114,1191,False,2362,1400,396,True,False,False,False,False,True,True,[],2,서울 종로구 창경궁로35길 13,02-743-8212,"{'latitude': 37.5865774, 'longitude': 127.001542}",https://pcmap.place.naver.com/place/11678822?entry=bmp&from=map&fromPanelNum=2&x=127.001542&y=37.5865774&timestamp=202402081213
35,20103854,머노까머나 대학로점,인도음식,True,False,,,,True,1926,2171,251,False,True,False,False,True,True,False,[],2,서울 종로구 창경궁로 236 이화빌딩 2층,0507-1447-8850,"{'latitude': 37.582692, 'longitude': 126.998832}",https://pcmap.place.naver.com/place/20103854?entry=bmp&from=map&fromPanelNum=2&x=126.998832&y=37.582692&timestamp=202402081213
36,17976968,삼 원 샏,"카페,디저트",True,False,https://instagram.com/cafe_samonesec,16,33,True,878,996,185,False,True,False,False,False,True,False,[],0,서울 종로구 대학로11길 9-3 삼원샏,0507-1428-0233,"{'latitude': 37.5821841, 'longitude': 127.0012204}",https://pcmap.place.naver.com/place/17976968?entry=bmp&from=map&fromPanelNum=2&x=127.0012204&y=37.5821841&timestamp=202402081214
37,1811034860,핵밥 대학로점,덮밥,True,False,https://instagram.com/hecbob_official,193,4553,True,1787,1073,144,False,False,False,False,,,False,[],2,서울 종로구 대학로9길 22,0507-1498-0739,"{'latitude': 37.5817313, 'longitude': 127.0007369}",https://pcmap.place.naver.com/place/1811034860?entry=bmp&from=map&fromPanelNum=2&x=127.0007369&y=37.5817313&timestamp=202402081214
38,1595913531,초이라멘,일본식라면,True,False,,,,False,631,400,65,False,False,False,False,,,False,[],1,서울 종로구 율곡로 290-2,0507-1406-7666,"{'latitude': 37.5715041, 'longitude': 127.0085588}",https://pcmap.place.naver.com/place/1595913531?entry=bmp&from=map&fromPanelNum=2&x=127.0085588&y=37.5715041&timestamp=202402081214
39,1201990868,의성집 대학로점,"육류,고기요리",True,True,https://instagram.com/ui_sung_house,6,35,True,93,99,135,False,False,False,False,,,False,[],1,서울 종로구 대학로8가길 52 1층,0507-1376-6809,"{'latitude': 37.5829838, 'longitude': 127.0026677}",https://pcmap.place.naver.com/place/1201990868?entry=bmp&from=map&fromPanelNum=2&x=127.0026677&y=37.5829838&timestamp=202402081215
40,31751937,메밀향그집,한식,True,False,https://instagram.com/memilhyang_zip,127,416,True,1466,1625,189,True,False,False,False,True,True,False,[],1,서울 종로구 대학로11길 18,0507-1360-3681,"{'latitude': 37.5823739, 'longitude': 127.0006657}",https://pcmap.place.naver.com/place/31751937?entry=bmp&from=map&fromPanelNum=2&x=127.0006657&y=37.5823739&timestamp=202402081215
41,1064882776,해피니스 혜화대학로점,중식당,True,False,https://instagram.com/happiness_hyehwa,36,206,True,609,1718,261,False,False,False,False,,,False,[],2,서울 종로구 대학로11길 40 세훈빌딩 1층,0507-1422-1811,"{'latitude': 37.582447, 'longitude': 126.9996673}",https://pcmap.place.naver.com/place/1064882776?entry=bmp&from=map&fromPanelNum=2&x=126.9996673&y=37.582447&timestamp=202402081215
42,1777993202,초이다이닝 혜화대학로점,일식당,True,False,,,,True,1108,1285,184,False,False,False,False,,,False,[],2,서울 종로구 대학로11길 16 2층,0507-1373-2047,"{'latitude': 37.5823833, 'longitude': 127.0008889}",https://pcmap.place.naver.com/place/1777993202?entry=bmp&from=map&fromPanelNum=2&x=127.0008889&y=37.5823833&timestamp=202402081216
43,1583520034,하이디라오 대학로점,중식당,True,False,https://instagram.com/haidilaokorea,336,14000,True,3423,891,134,False,True,False,False,,,False,[],2,서울 종로구 대학로 146 혜화동씨티밸리 3층,0507-1312-6868,"{'latitude': 37.5842657, 'longitude': 127.0020304}",https://pcmap.place.naver.com/place/1583520034?entry=bmp&from=map&fromPanelNum=2&x=127.0020304&y=37.5842657&timestamp=202402081216
44,1694678039,화화돈 대학로,한식,True,False,,,,True,578,476,299,False,False,False,False,,,False,[],2,서울 종로구 대학로11길 38-3 1층,0507-1461-1990,"{'latitude': 37.5825097, 'longitude': 126.9998586}",https://pcmap.place.naver.com/place/1694678039?entry=bmp&from=map&fromPanelNum=2&x=126.9998586&y=37.5825097&timestamp=202402081216
45,1638640485,혜화도담,한식,True,False,https://instagram.com/taekdaeri_official,196,1597,True,1694,915,154,True,False,False,False,,,False,[],0,서울 종로구 대명1길 16-6 혜화도담,0507-1343-0074,"{'latitude': 37.5829844, 'longitude': 127.0004867}",https://pcmap.place.naver.com/place/1638640485?entry=bmp&from=map&fromPanelNum=2&x=127.0004867&y=37.5829844&timestamp=202402081216
46,1241138461,카페랑솜,카페,True,False,,,,True,793,610,225,False,False,False,False,,,False,[],2,서울 종로구 대학로11길 22,02-742-2185,"{'latitude': 37.5823183, 'longitude': 127.0004399}",https://pcmap.place.naver.com/place/1241138461?entry=bmp&from=map&fromPanelNum=2&x=127.0004399&y=37.5823183&timestamp=202402081217
47,11681136,나누미떡볶이 성대본점,떡볶이,True,False,,,,True,4051,1579,386,False,False,False,False,False,True,True,[],2,서울 종로구 성균관로 9-1,02-747-0881,"{'latitude': 37.5837668, 'longitude': 126.9979068}",https://pcmap.place.naver.com/place/11681136?entry=bmp&from=map&fromPanelNum=2&x=126.9979068&y=37.5837668&timestamp=202402081217
48,1754181863,한사발,한식,True,False,,,,True,295,1930,121,False,False,False,False,,,False,[],1,서울 종로구 대명길 19-8 1층,010-4642-3785,"{'latitude': 37.5830352, 'longitude': 127.0006644}",https://pcmap.place.naver.com/place/1754181863?entry=bmp&from=map&fromPanelNum=2&x=127.0006644&y=37.5830352&timestamp=202402081217
49,939051630,카페 키이로,"카페,디저트",True,False,https://instagram.com/ki___iro,2922,23000,True,828,752,263,False,False,False,False,False,True,True,[],0,서울 종로구 창경궁로26길 41-3 2층,02-747-0848,"{'latitude': 37.582105, 'longitude': 126.9997639}",https://pcmap.place.naver.com/place/939051630?entry=bmp&from=map&fromPanelNum=2&x=126.9997639&y=37.582105&timestamp=202402081217
50,1885645301,환희,"스파게티,파스타전문",True,False,,,,True,532,1064,169,False,False,False,False,,,False,[],1,서울 종로구 대명1길 16-7 2층,0507-1328-1546,"{'latitude': 37.5829048, 'longitude': 127.0003078}",https://pcmap.place.naver.com/place/1885645301?entry=bmp&from=map&fromPanelNum=2&x=127.0003078&y=37.5829048&timestamp=202402081218
51,1438671950,뮤지컬펍 커튼콜,"맥주,호프",True,True,https://instagram.com/curtaincall_star,19,7033,True,198,74,159,False,False,False,False,,,False,[],2,서울 종로구 대학로12길 22 아트포레스트 2층,0507-1421-2799,"{'latitude': 37.5824911, 'longitude': 127.0030956}",https://pcmap.place.naver.com/place/1438671950?entry=bmp&from=map&fromPanelNum=2&x=127.0030956&y=37.5824911&timestamp=202402081218
52,18678006,혜화수산 혜화본점,생선회,True,False,,,,True,340,210,215,False,False,False,False,True,False,False,[],0,서울 종로구 창경궁로 259,02-763-5879,"{'latitude': 37.584561, 'longitude': 127.000106}",https://pcmap.place.naver.com/place/18678006?entry=bmp&from=map&fromPanelNum=2&x=127.000106&y=37.584561&timestamp=202402081218
53,1134267453,투파인드피터 혜화점,이탈리아음식,True,False,https://instagram.com/tofindpeter_hyehwa,16,133,True,1420,339,185,False,False,False,False,,,False,[],2,서울 종로구 대학로10길 26 3층,0507-1426-2504,"{'latitude': 37.5816415, 'longitude': 127.0037053}",https://pcmap.place.naver.com/place/1134267453?entry=bmp&from=map&fromPanelNum=2&x=127.0037053&y=37.5816415&timestamp=202402081243
54,1202431112,에이라운드,카페,True,False,https://instagram.com/cafe.a_round,32,206,True,426,183,286,False,False,False,False,,,False,[],2,"서울 종로구 창경궁로 263 1, 2층",0507-1410-2029,"{'latitude': 37.5848827, 'longitude': 127.0003035}",https://pcmap.place.naver.com/place/1202431112?entry=bmp&from=map&fromPanelNum=2&x=127.0003035&y=37.5848827&timestamp=202402081243
55,1395723427,꾸아 대학로점,베트남음식,True,False,,,,True,404,119,86,False,False,False,False,,,False,[],1,서울 종로구 대학로 135 2층,0507-1393-6733,"{'latitude': 37.5832455, 'longitude': 127.0014765}",https://pcmap.place.naver.com/place/1395723427?entry=bmp&from=map&fromPanelNum=2&x=127.0014765&y=37.5832455&timestamp=202402081244
56,1761101350,고씨네 대학로점,카레,True,False,https://instagram.com/goccine_curry,13,13,True,842,224,230,False,True,False,False,,,False,[],2,서울 종로구 대학로12길 63 지하1층,02-744-2204,"{'latitude': 37.5812208, 'longitude': 127.003983}",https://pcmap.place.naver.com/place/1761101350?entry=bmp&from=map&fromPanelNum=2&x=127.003983&y=37.5812208&timestamp=202402081244
57,408557767,미분당 대학로점,베트남음식,True,False,,,,True,1543,462,256,False,False,False,False,True,True,False,[],1,서울 종로구 창경궁로 234,02-743-8588,"{'latitude': 37.5823678, 'longitude': 126.9983551}",https://pcmap.place.naver.com/place/408557767?entry=bmp&from=map&fromPanelNum=2&x=126.9983551&y=37.5823678&timestamp=202402081244
58,1348614716,키햐아 혜화점,일식당,True,False,,,,True,443,295,90,False,False,False,False,,,False,[],0,서울 종로구 창경궁로34길 18-4 2층,0507-1457-3442,"{'latitude': 37.5842983, 'longitude': 127.0009506}",https://pcmap.place.naver.com/place/1348614716?entry=bmp&from=map&fromPanelNum=2&x=127.0009506&y=37.5842983&timestamp=202402081245
59,1721848168,치읓,"카페,디저트",True,False,,,,True,35,96,350,False,False,False,False,,,False,[],0,서울 종로구 동숭4나길 18 1층,02-743-0848,"{'latitude': 37.5830052, 'longitude': 127.005158}",https://pcmap.place.naver.com/place/1721848168?entry=bmp&from=map&fromPanelNum=2&x=127.005158&y=37.5830052&timestamp=202402081245
60,1799831836,군자대한곱창 대학로점,"곱창,막창,양",True,False,https://instagram.com/daehan_gobchang,683,12000,True,487,308,85,False,False,False,False,,,False,[],0,서울 종로구 대명1길 8,0507-1389-6901,"{'latitude': 37.5831898, 'longitude': 127.0007472}",https://pcmap.place.naver.com/place/1799831836?entry=bmp&from=map&fromPanelNum=2&x=127.0007472&y=37.5831898&timestamp=202402081245
61,1205011820,삼경일 대학로 본점,한식,True,False,https://instagram.com/samgyeongil,7,79,True,248,139,55,False,False,False,False,,,False,[],2,서울 종로구 창경궁로34길 22,0507-1364-6520,"{'latitude': 37.5840498, 'longitude': 127.0011016}",https://pcmap.place.naver.com/place/1205011820?entry=bmp&from=map&fromPanelNum=2&x=127.0011016&y=37.5840498&timestamp=202402081246
62,1880363348,하씨주가,요리주점,True,False,https://instagram.com/hassi_jooga,74,218,True,93,60,123,False,False,False,False,,,False,[],0,서울 종로구 대학로14길 10 2층,0507-1448-8012,"{'latitude': 37.5837566, 'longitude': 127.0022922}",https://pcmap.place.naver.com/place/1880363348?entry=bmp&from=map&fromPanelNum=2&x=127.0022922&y=37.5837566&timestamp=202402081246
63,36727769,브알라 Cafe 대학로,아이스크림,True,False,https://instagram.com/voilakorea,61,3543,True,1507,473,161,False,False,False,False,True,True,False,[],1,서울 종로구 대학로12길 21 예스24 스테이지 1층 브알라,02-3275-2071,"{'latitude': 37.582715, 'longitude': 127.0031513}",https://pcmap.place.naver.com/place/36727769?entry=bmp&from=map&fromPanelNum=2&x=127.0031513&y=37.582715&timestamp=202402081246
64,1646299730,콩나물장수,한식,True,False,https://instagram.com/kongjangsu2018,94,261,True,444,152,297,False,False,False,False,,,False,[],0,서울 종로구 동숭길 94 1층,02-763-7999,"{'latitude': 37.5824695, 'longitude': 127.0043648}",https://pcmap.place.naver.com/place/1646299730?entry=bmp&from=map&fromPanelNum=2&x=127.0043648&y=37.5824695&timestamp=202402081247
65,17976685,동숭숯불갈비,"육류,고기요리",True,False,,,,True,433,150,159,False,False,False,False,False,False,False,[],1,서울 종로구 대학로9길 26,02-741-3451,"{'latitude': 37.5816895, 'longitude': 127.0005992}",https://pcmap.place.naver.com/place/17976685?entry=bmp&from=map&fromPanelNum=2&x=127.0005992&y=37.5816895&timestamp=202402081247
66,1725149307,창경궁초밥,일식당,True,False,,,,True,363,181,344,False,False,False,False,,,False,[],1,서울 종로구 창경궁로 229 1층,02-766-2852,"{'latitude': 37.5825402, 'longitude': 126.9979229}",https://pcmap.place.naver.com/place/1725149307?entry=bmp&from=map&fromPanelNum=2&x=126.9979229&y=37.5825402&timestamp=202402081247
67,11730630,솔나무길된장예술,비빔밥,True,False,,,,True,995,547,175,False,False,False,False,False,True,True,[],1,서울 종로구 대학로11길 9-2,02-745-4516,"{'latitude': 37.5820919, 'longitude': 127.0011327}",https://pcmap.place.naver.com/place/11730630?entry=bmp&from=map&fromPanelNum=2&x=127.0011327&y=37.5820919&timestamp=202402081248
68,21428854,부추곱창 대학로점,"곱창,막창,양",True,False,,,,True,433,622,100,False,False,False,False,True,True,False,[],0,서울 종로구 대명1길 9 1층,02-747-3610,"{'latitude': 37.5829845, 'longitude': 127.0009546}",https://pcmap.place.naver.com/place/21428854?entry=bmp&from=map&fromPanelNum=2&x=127.0009546&y=37.5829845&timestamp=202402081248
69,12051288,명륜동식당,"육류,고기요리",True,False,,,,True,303,137,134,False,True,False,False,,,False,[],0,서울 종로구 대학로 127-8,0507-1341-6290,"{'latitude': 37.5826271, 'longitude': 127.0012173}",https://pcmap.place.naver.com/place/12051288?entry=bmp&from=map&fromPanelNum=2&x=127.0012173&y=37.5826271&timestamp=202402081248
70,656590542,아시안테이블,아시아음식,True,False,,,,True,415,280,440,False,False,False,False,True,True,False,[],2,서울 종로구 성균관로3길 11 아시안테이블,0507-1358-9527,"{'latitude': 37.5834571, 'longitude': 126.9975107}",https://pcmap.place.naver.com/place/656590542?entry=bmp&from=map&fromPanelNum=2&x=126.9975107&y=37.5834571&timestamp=202402081248
71,584785475,에머이 대학로점,베트남음식,True,False,https://instagram.com/emoipho,36,454,True,1236,592,182,False,False,False,False,True,True,False,[],0,서울 종로구 대학로10길 26,02-743-7173,"{'latitude': 37.5816792, 'longitude': 127.0038076}",https://pcmap.place.naver.com/place/584785475?entry=bmp&from=map&fromPanelNum=2&x=127.0038076&y=37.5816792&timestamp=202402081249
72,1610379824,고부기 멕시칸그릴 대학로본점,"멕시코,남미음식",True,False,https://instagram.com/goboogie_kr,51,687,True,862,463,313,False,True,False,False,,,False,[],0,서울 종로구 동숭길 76 1층 고부기,0507-1319-0578,"{'latitude': 37.5816586, 'longitude': 127.0042382}",https://pcmap.place.naver.com/place/1610379824?entry=bmp&from=map&fromPanelNum=2&x=127.0042382&y=37.5816586&timestamp=202402081249
73,1685530721,훠궈나라 대학로본점,중식당,True,False,,,,True,631,417,202,False,False,False,False,,,False,[],0,서울 종로구 창경궁로 242 2층 훠궈나라,0507-1312-1592,"{'latitude': 37.5829704, 'longitude': 126.9991739}",https://pcmap.place.naver.com/place/1685530721?entry=bmp&from=map&fromPanelNum=2&x=126.9991739&y=37.5829704&timestamp=202402081249
74,1026942541,쫀디,"카페,디저트",True,False,https://instagram.com/jjondi_,83,262,True,468,85,189,False,False,False,False,,,False,[],2,서울 종로구 대명길 42 1층,0507-1307-0637,"{'latitude': 37.5829951, 'longitude': 126.9993116}",https://pcmap.place.naver.com/place/1026942541?entry=bmp&from=map&fromPanelNum=2&x=126.9993116&y=37.5829951&timestamp=202402081250
75,12048016,또오리,오리요리,True,False,https://instagram.com/ttoori_duck,15,50,True,693,552,376,False,True,False,False,False,False,False,[],0,서울 종로구 성균관로 6-4 또오리,0507-1430-5293,"{'latitude': 37.5836903, 'longitude': 126.9986207}",https://pcmap.place.naver.com/place/12048016?entry=bmp&from=map&fromPanelNum=2&x=126.9986207&y=37.5836903&timestamp=202402081250
76,1326247511,비스라운지,술집,True,False,https://instagram.com/bees.lounge,8,337,True,1007,252,115,False,False,False,False,,,False,[],2,서울 종로구 대학로 135-8 단독건물 비스라운지,0507-1414-1176,"{'latitude': 37.5832929, 'longitude': 127.0011344}",https://pcmap.place.naver.com/place/1326247511?entry=bmp&from=map&fromPanelNum=2&x=127.0011344&y=37.5832929&timestamp=202402081250
77,31592246,두두,한식,True,False,,,,True,551,431,243,False,False,False,False,True,True,True,[],0,서울 종로구 동숭길 63 2층,0507-1380-1884,"{'latitude': 37.5810119, 'longitude': 127.0041381}",https://pcmap.place.naver.com/place/31592246?entry=bmp&from=map&fromPanelNum=2&x=127.0041381&y=37.5810119&timestamp=202402081251
78,48142910,제순식당 대학로직영점,한식,True,False,,,,True,432,314,202,False,False,False,False,True,True,False,[],0,서울 종로구 대명길 39-4,0507-1434-8220,"{'latitude': 37.5827947, 'longitude': 126.999466}",https://pcmap.place.naver.com/place/48142910?entry=bmp&from=map&fromPanelNum=2&x=126.999466&y=37.5827947&timestamp=202402081251
79,1264784541,카페 진주리,"카페,디저트",True,False,https://instagram.com/jinjury_coffee.pub,102,286,True,181,47,749,False,True,False,False,,,False,[],0,서울 종로구 성균관로7길 3,0507-1352-3942,"{'latitude': 37.5866632, 'longitude': 126.9963307}",https://pcmap.place.naver.com/place/1264784541?entry=bmp&from=map&fromPanelNum=2&x=126.9963307&y=37.5866632&timestamp=202402081251
80,13560783,슬로스텝,"카페,디저트",True,False,,,,True,695,706,197,False,False,False,False,False,True,False,[],0,서울 종로구 대학로8가길 89 3층 카페 슬로스텝,02-762-2229,"{'latitude': 37.5820754, 'longitude': 127.0035627}",https://pcmap.place.naver.com/place/13560783?entry=bmp&from=map&fromPanelNum=2&x=127.0035627&y=37.5820754&timestamp=202402081251
81,1862295844,히메시야,일식당,True,False,,,,True,658,180,251,False,False,False,False,,,False,[],0,서울 종로구 창경궁로26길 40 1층,070-4187-4569,"{'latitude': 37.5819292, 'longitude': 126.9999135}",https://pcmap.place.naver.com/place/1862295844?entry=bmp&from=map&fromPanelNum=2&x=126.9999135&y=37.5819292&timestamp=202402081252
82,31887394,돈텐동식당 대학로점,돈가스,True,False,,,,True,875,401,269,False,False,False,False,False,True,False,[],1,서울 종로구 동숭길 51,070-4103-4132,"{'latitude': 37.5805609, 'longitude': 127.0042251}",https://pcmap.place.naver.com/place/31887394?entry=bmp&from=map&fromPanelNum=2&x=127.0042251&y=37.5805609&timestamp=202402081252
83,1396814888,카페 알프카,베이커리,True,False,https://instagram.com/cafe_alppucca,33,141,True,691,184,140,False,False,False,False,,,False,[],1,서울 종로구 대명길 32 카페 알프카,0507-1427-0347,"{'latitude': 37.5832457, 'longitude': 126.9997831}",https://pcmap.place.naver.com/place/1396814888?entry=bmp&from=map&fromPanelNum=2&x=126.9997831&y=37.5832457&timestamp=202402081252
84,37604667,콩플레,베이커리,True,False,https://instagram.com/complet555,778,2599,False,264,93,427,False,True,False,False,,,False,[],0,서울 종로구 창경궁로35길 19,02-427-0809,"{'latitude': 37.5868235, 'longitude': 127.0017575}",https://pcmap.place.naver.com/place/37604667?entry=bmp&from=map&fromPanelNum=2&x=127.0017575&y=37.5868235&timestamp=202402081253
85,1834512918,자미더홍,요리주점,True,False,https://instagram.com/jamithehong_official,302,1376,True,950,457,128,False,False,False,False,,,False,[],2,서울 종로구 동숭길 129 자미더홍,0507-1379-0696,"{'latitude': 37.5834697, 'longitude': 127.0030419}",https://pcmap.place.naver.com/place/1834512918?entry=bmp&from=map&fromPanelNum=2&x=127.0030419&y=37.5834697&timestamp=202402081253
86,1696688941,서울프랑스,프랑스음식,True,False,,,,True,958,1496,204,False,False,False,False,,,False,[],0,서울 종로구 대학로12길 53 3층,02-742-8523,"{'latitude': 37.5817004, 'longitude': 127.0040137}",https://pcmap.place.naver.com/place/1696688941?entry=bmp&from=map&fromPanelNum=2&x=127.0040137&y=37.5817004&timestamp=202402081253
87,33624760,스시마시따,일식당,True,False,,,,True,619,287,94,False,False,False,False,False,True,False,[],1,서울 종로구 대명길 24 성진빌딩,02-763-2333,"{'latitude': 37.5834123, 'longitude': 127.0002235}",https://pcmap.place.naver.com/place/33624760?entry=bmp&from=map&fromPanelNum=2&x=127.0002235&y=37.5834123&timestamp=202402081254
88,1007476698,산1-1,"카페,디저트",True,False,https://instagram.com/ewha_san_1_1,28,184,True,2678,121,895,False,True,False,False,,,False,[],2,서울 종로구 낙산성곽서1길 25,010-8993-2359,"{'latitude': 37.5780744, 'longitude': 127.0079121}",https://pcmap.place.naver.com/place/1007476698?entry=bmp&from=map&fromPanelNum=2&x=127.0079121&y=37.5780744&timestamp=202402081254
89,71138318,혜화시장,요리주점,True,False,,,,True,354,209,64,True,False,False,False,,,False,[],0,서울 종로구 창경궁로34길 24-6 2층,0507-1414-4155,"{'latitude': 37.5840051, 'longitude': 127.0009045}",https://pcmap.place.naver.com/place/71138318?entry=bmp&from=map&fromPanelNum=2&x=127.0009045&y=37.5840051&timestamp=202402081254
90,1249127256,달콤한잔,요리주점,True,False,https://instagram.com/dk_hanjan,145,302,True,44,13,153,False,False,False,False,,,False,[],0,서울 종로구 대학로14길 18-3 1층 달콤한잔,02-762-2019,"{'latitude': 37.5841548, 'longitude': 127.0028176}",https://pcmap.place.naver.com/place/1249127256?entry=bmp&from=map&fromPanelNum=2&x=127.0028176&y=37.5841548&timestamp=202402081255
91,1678280805,이마쇼쿠,일식당,True,False,https://instagram.com/imashoku,13,648,True,139,101,237,False,False,False,False,,,False,[],0,서울 종로구 대명길 39-9 1층,010-5031-2971,"{'latitude': 37.582611, 'longitude': 126.9997874}",https://pcmap.place.naver.com/place/1678280805?entry=bmp&from=map&fromPanelNum=2&x=126.9997874&y=37.582611&timestamp=202402081255
92,485035823,채선당 행복가마솥밥 대학로점,"백반,가정식",True,False,https://instagram.com/chaesundang,558,8674,True,1694,183,216,False,False,False,False,True,True,False,[],0,서울 종로구 동숭길 55,02-745-1249,"{'latitude': 37.5808187, 'longitude': 127.0042005}",https://pcmap.place.naver.com/place/485035823?entry=bmp&from=map&fromPanelNum=2&x=127.0042005&y=37.5808187&timestamp=202402081255
93,1094748661,롤링파스타 대학로점,"스파게티,파스타전문",True,False,https://instagram.com/theborn_tasty,617,28000,True,1424,251,171,False,False,False,False,,,False,[],0,서울 종로구 대학로10길 24 2층,02-747-0410,"{'latitude': 37.581622, 'longitude': 127.003554}",https://pcmap.place.naver.com/place/1094748661?entry=bmp&from=map&fromPanelNum=2&x=127.003554&y=37.581622&timestamp=202402081255
94,1233726670,명륜진사갈비 서울성균관대점,"육류,고기요리",True,False,,,,True,562,131,606,False,True,False,False,,,False,[],1,서울 종로구 성균관로 31 유림회관 1층,02-747-9279,"{'latitude': 37.5854757, 'longitude': 126.9968472}",https://pcmap.place.naver.com/place/1233726670?entry=bmp&from=map&fromPanelNum=2&x=126.9968472&y=37.5854757&timestamp=202402081256
95,1230031355,로그,브런치,True,False,https://instagram.com/log_seoul,64,133,True,244,213,304,False,False,False,False,,,False,[],0,서울 종로구 창경궁로29길 3 1층 로그,0507-1400-0185,"{'latitude': 37.5830989, 'longitude': 126.9982052}",https://pcmap.place.naver.com/place/1230031355?entry=bmp&from=map&fromPanelNum=2&x=126.9982052&y=37.5830989&timestamp=202402081256
96,1318163421,혜화달손만두,"칼국수,만두",True,False,,,,False,922,47,344,False,True,False,False,,,False,[],0,서울 종로구 혜화로 4 1층 혜화달손만두,02-745-1990,"{'latitude': 37.5862477, 'longitude': 127.0007319}",https://pcmap.place.naver.com/place/1318163421?entry=bmp&from=map&fromPanelNum=2&x=127.0007319&y=37.5862477&timestamp=202402081256
97,1946473141,맥썸 대학로점,"맥주,호프",True,False,,,,True,662,106,31,False,False,False,False,,,False,[],0,서울 종로구 대명길 9 2층,02-766-3888,"{'latitude': 37.5834293, 'longitude': 127.0009343}",https://pcmap.place.naver.com/place/1946473141?entry=bmp&from=map&fromPanelNum=2&x=127.0009343&y=37.5834293&timestamp=202402081256
98,107595182,꼰츄로,"카페,디저트",True,False,,,,False,116,27,70,False,False,False,False,,,True,[],0,서울 성북구 동소문로3길 4 . 1층 1호,02-743-1575,"{'latitude': 37.5891056, 'longitude': 127.0066359}",https://pcmap.place.naver.com/place/107595182?entry=bmp&from=map&fromPanelNum=2&x=127.0066359&y=37.5891056&timestamp=202402081257
99,36321482,미술관,바(BAR),True,False,,,,True,105,12,477,False,False,False,False,,,False,[],0,서울 종로구 창경궁로29길 38 1층,02-744-7855,"{'latitude': 37.5842613, 'longitude': 126.9973013}",https://pcmap.place.naver.com/place/36321482?entry=bmp&from=map&fromPanelNum=2&x=126.9973013&y=37.5842613&timestamp=202402081257
100,1288024824,온혜화,"카페,디저트",True,False,https://instagram.com/on_hyehwa,2019,4224,True,1949,367,235,False,False,False,False,,,False,[],0,서울 종로구 대학로12길 80 1층,0507-1304-4121,"{'latitude': 37.5805661, 'longitude': 127.0037418}",https://pcmap.place.naver.com/place/1288024824?entry=bmp&from=map&fromPanelNum=2&x=127.0037418&y=37.5805661&timestamp=202402081257
101,1060813303,아티스타,"카페,디저트",True,False,,,,True,735,266,204,False,False,False,False,,,False,[],1,서울 종로구 대학로8가길 129 1층,0507-1397-1150,"{'latitude': 37.580285, 'longitude': 127.0035052}",https://pcmap.place.naver.com/place/1060813303?entry=bmp&from=map&fromPanelNum=2&x=127.0035052&y=37.580285&timestamp=202402081258
102,37492219,치치 대학로점,요리주점,True,False,,,,True,421,169,93,False,False,False,False,False,True,False,[],2,서울 종로구 대학로8가길 36 2층,0507-1404-6222,"{'latitude': 37.5824709, 'longitude': 127.0024674}",https://pcmap.place.naver.com/place/37492219?entry=bmp&from=map&fromPanelNum=2&x=127.0024674&y=37.5824709&timestamp=202402081258
103,1429615207,릴리마를렌,"카페,디저트",True,False,,,,True,441,159,133,False,False,False,False,,,False,[],1,서울 종로구 대학로9길 17,0507-1363-7343,"{'latitude': 37.5816455, 'longitude': 127.000917}",https://pcmap.place.naver.com/place/1429615207?entry=bmp&from=map&fromPanelNum=2&x=127.000917&y=37.5816455&timestamp=202402081258
104,1103840845,369마실,차,True,False,https://instagram.com/369_masil,156,577,False,327,137,239,False,False,False,False,,,False,[],0,서울 성북구 삼선교로4가길 13-1 369마실,0507-1320-2787,"{'latitude': 37.5870247, 'longitude': 127.0059797}",https://pcmap.place.naver.com/place/1103840845?entry=bmp&from=map&fromPanelNum=2&x=127.0059797&y=37.5870247&timestamp=202402081258
105,1838729179,해화,"카페,디저트",True,True,,,,True,65,48,190,False,False,False,False,,,False,[],1,서울 종로구 대명1길 16-12 카페 해화,0507-1393-0329,"{'latitude': 37.582989, 'longitude': 127.0000409}",https://pcmap.place.naver.com/place/1838729179?entry=bmp&from=map&fromPanelNum=2&x=127.0000409&y=37.582989&timestamp=202402081259
106,1027969844,옥이모깻잎떡볶이,떡볶이,True,False,,,,True,939,182,108,False,False,False,False,,,False,[],0,서울 종로구 대학로 123-1,070-8119-5668,"{'latitude': 37.5822547, 'longitude': 127.001645}",https://pcmap.place.naver.com/place/1027969844?entry=bmp&from=map&fromPanelNum=2&x=127.001645&y=37.5822547&timestamp=202402081259
107,1079143859,머쉬룸서울,요리주점,True,False,https://instagram.com/mushroomseoul.pub,114,613,True,597,97,192,False,False,False,False,,,False,[],2,서울 종로구 대명길 42 2층,0507-1351-9705,"{'latitude': 37.5829951, 'longitude': 126.9993116}",https://pcmap.place.naver.com/place/1079143859?entry=bmp&from=map&fromPanelNum=2&x=126.9993116&y=37.5829951&timestamp=202402081259
108,1577816531,리본윈도우,브런치,True,False,,,,True,347,199,229,False,False,False,False,,,False,[],0,서울 종로구 대학로14길 25-1 1층,070-4110-2568,"{'latitude': 37.5843777, 'longitude': 127.0025094}",https://pcmap.place.naver.com/place/1577816531?entry=bmp&from=map&fromPanelNum=2&x=127.0025094&y=37.5843777&timestamp=202402081259
109,1658596790,프롬하츠커피 대학로점,"카페,디저트",True,False,https://instagram.com/fromhearts,95,614,True,2062,85,88,False,False,False,False,,,False,[],2,서울 종로구 대학로 127 1층,02-762-3581,"{'latitude': 37.5825859, 'longitude': 127.0016066}",https://pcmap.place.naver.com/place/1658596790?entry=bmp&from=map&fromPanelNum=2&x=127.0016066&y=37.5825859&timestamp=202402081300
110,34582011,양지식당,"백반,가정식",True,False,,,,False,533,229,393,True,False,False,False,,,False,[],1,서울 종로구 율곡로29길 4,02-745-8306,"{'latitude': 37.5739033, 'longitude': 127.0069119}",https://pcmap.place.naver.com/place/34582011?entry=bmp&from=map&fromPanelNum=2&x=127.0069119&y=37.5739033&timestamp=202402081300
111,1390630768,노말키친 혜화,"스파게티,파스타전문",True,False,https://instagram.com/normal_kitchen,113,437,True,290,166,602,False,False,False,False,,,False,[],2,서울 종로구 성균관로6길 26 1층 노말키친,0507-1316-3899,"{'latitude': 37.5855736, 'longitude': 126.9975211}",https://pcmap.place.naver.com/place/1390630768?entry=bmp&from=map&fromPanelNum=2&x=126.9975211&y=37.5855736&timestamp=202402081300
112,1248044853,테르트르,카페,True,False,https://instagram.com/tertre_cafe,27,4886,False,2407,1676,750,False,False,False,False,,,False,[],0,서울 종로구 낙산5길 46,02-742-5689,"{'latitude': 37.5782228, 'longitude': 127.0112709}",https://pcmap.place.naver.com/place/1248044853?entry=bmp&from=map&fromPanelNum=2&x=127.0112709&y=37.5782228&timestamp=202402081301
113,37822112,통큰갈비 대학로점,"육류,고기요리",True,False,,,,True,457,303,95,False,False,False,False,False,False,False,[],0,서울 종로구 창경궁로 258-12,02-764-3374,"{'latitude': 37.5837538, 'longitude': 127.0004033}",https://pcmap.place.naver.com/place/37822112?entry=bmp&from=map&fromPanelNum=2&x=127.0004033&y=37.5837538&timestamp=202402081301
114,1294801750,타스카페,카페,True,False,https://instagram.com/tas_cafe_,702,493,True,516,179,194,False,False,False,False,,,False,[],0,서울 종로구 동숭길 117 2층,02-766-9953,"{'latitude': 37.5831351, 'longitude': 127.0035938}",https://pcmap.place.naver.com/place/1294801750?entry=bmp&from=map&fromPanelNum=2&x=127.0035938&y=37.5831351&timestamp=202402081301
115,40560125,혼가츠 대학로점,돈가스,True,False,,,,True,1198,988,94,False,False,False,False,False,True,False,[],1,서울 종로구 대명길 24 지하 1층 혼가츠,02-745-1800,"{'latitude': 37.5834201, 'longitude': 127.0003031}",https://pcmap.place.naver.com/place/40560125?entry=bmp&from=map&fromPanelNum=2&x=127.0003031&y=37.5834201&timestamp=202402081301
116,37373554,프루스트,공방,True,False,https://instagram.com/proustscent,113,1718,True,4785,337,262,False,False,False,False,,,False,[],1,서울 종로구 창경궁로26길 38-3,0507-1333-3552,"{'latitude': 37.5818068, 'longitude': 126.9998699}",https://pcmap.place.naver.com/place/37373554?entry=bmp&from=map&fromPanelNum=2&x=126.9998699&y=37.5818068&timestamp=202402081302
117,784830705,아도레 쿠치나,"스파게티,파스타전문",True,False,,,,True,621,146,472,False,False,False,False,,,False,[],0,서울 종로구 혜화로3길 20,02-745-0822,"{'latitude': 37.586448, 'longitude': 126.9992683}",https://pcmap.place.naver.com/place/784830705?entry=bmp&from=map&fromPanelNum=2&x=126.9992683&y=37.586448&timestamp=202402081302
118,11609743,가비아노,카페,True,False,,,,True,1161,151,106,False,False,False,False,,,False,[],0,서울 종로구 대학로 122 흥사단 본부,02-743-0794,"{'latitude': 37.5820417, 'longitude': 127.0022811}",https://pcmap.place.naver.com/place/11609743?entry=bmp&from=map&fromPanelNum=2&x=127.0022811&y=37.5820417&timestamp=202402081302
119,1332349195,혜화몰트,와인,True,False,,,,True,204,155,175,False,False,False,False,,,False,[],0,서울 종로구 대학로14길 18 1층 한옥,0507-1315-3340,"{'latitude': 37.5841324, 'longitude': 127.0026871}",https://pcmap.place.naver.com/place/1332349195?entry=bmp&from=map&fromPanelNum=2&x=127.0026871&y=37.5841324&timestamp=202402081303
120,11815429,국수가 대학로본점,국수,True,False,,,,True,744,239,234,False,False,False,False,False,True,False,[],0,서울 종로구 동숭2길 1,0507-1354-5798,"{'latitude': 37.5808635, 'longitude': 127.0043646}",https://pcmap.place.naver.com/place/11815429?entry=bmp&from=map&fromPanelNum=2&x=127.0043646&y=37.5808635&timestamp=202402081303
121,31689555,성균관감자탕,감자탕,True,False,,,,True,129,71,475,False,False,False,False,,,False,[],0,서울 종로구 창경궁로29길 37,0507-1404-2170,"{'latitude': 37.5842093, 'longitude': 126.9971906}",https://pcmap.place.naver.com/place/31689555?entry=bmp&from=map&fromPanelNum=2&x=126.9971906&y=37.5842093&timestamp=202402081303
122,1589705050,용용선생 대학로점,요리주점,True,False,,,,True,2224,95,105,False,False,False,False,,,False,[],2,서울 종로구 대학로8가길 36 1층 용용선생,0507-1468-1370,"{'latitude': 37.5824917, 'longitude': 127.0024786}",https://pcmap.place.naver.com/place/1589705050?entry=bmp&from=map&fromPanelNum=2&x=127.0024786&y=37.5824917&timestamp=202402081303
123,1588106120,오드투디저트,"카페,디저트",True,False,https://instagram.com/odetodessert,257,472,True,293,69,296,False,False,False,False,,,False,[],0,서울 종로구 동숭길 94 2층,0507-1333-4121,"{'latitude': 37.5824457, 'longitude': 127.0043657}",https://pcmap.place.naver.com/place/1588106120?entry=bmp&from=map&fromPanelNum=2&x=127.0043657&y=37.5824457&timestamp=202402081304
124,1009330947,리히터,"카페,디저트",True,False,https://instagram.com/cafe.richter,70,413,True,151,106,264,False,False,False,False,,,False,[],0,서울 종로구 동숭2길 3 2층,0507-1311-8404,"{'latitude': 37.5808069, 'longitude': 127.004469}",https://pcmap.place.naver.com/place/1009330947?entry=bmp&from=map&fromPanelNum=2&x=127.004469&y=37.5808069&timestamp=202402081304
125,36812636,퀸101,바(BAR),True,False,https://instagram.com/queen101bar,183,1602,True,122,130,96,False,False,False,False,False,False,False,[],0,서울 종로구 대명길 17 .,02-742-2221,"{'latitude': 37.5832991, 'longitude': 127.0006232}",https://pcmap.place.naver.com/place/36812636?entry=bmp&from=map&fromPanelNum=2&x=127.0006232&y=37.5832991&timestamp=202402081304
126,32636983,청산손만두,만두,True,False,,,,True,314,193,245,True,False,False,False,True,True,False,[],1,서울 종로구 대학로11길 19-6,02-745-4606,"{'latitude': 37.5819828, 'longitude': 127.0005994}",https://pcmap.place.naver.com/place/32636983?entry=bmp&from=map&fromPanelNum=2&x=127.0005994&y=37.5819828&timestamp=202402081305
127,882220259,코코이찌방야 대학로점,카레,True,False,https://instagram.com/cocoichibanyakorea,323,4140,True,685,116,107,False,False,False,False,True,True,False,[],0,서울 종로구 동숭길 136,02-765-5510,"{'latitude': 37.583646, 'longitude': 127.0027979}",https://pcmap.place.naver.com/place/882220259?entry=bmp&from=map&fromPanelNum=2&x=127.0027979&y=37.583646&timestamp=202402081305
128,1160800470,오가다 혜화대학로본사점,차,True,False,https://instagram.com/ogada_official,792,3597,True,4320,480,134,False,False,False,False,,,False,[],2,"서울 종로구 대학로12길 15 1층, 2층",070-4470-2670,"{'latitude': 37.5826957, 'longitude': 127.0028536}",https://pcmap.place.naver.com/place/1160800470?entry=bmp&from=map&fromPanelNum=2&x=127.0028536&y=37.5826957&timestamp=202402081305
129,1171528046,긴자료코 대학로점,돈가스,True,False,,,,True,1215,203,246,False,True,False,False,,,False,[],0,서울 종로구 동숭길 64 1층,02-745-8803,"{'latitude': 37.5811382, 'longitude': 127.0043172}",https://pcmap.place.naver.com/place/1171528046?entry=bmp&from=map&fromPanelNum=2&x=127.0043172&y=37.5811382&timestamp=202402081306
130,20470111,서피동파,한식,True,False,https://instagram.com/kimyunjin5352,10,69,True,369,187,163,False,False,False,False,True,True,False,[],0,서울 종로구 대명길 21-5,02-766-3007,"{'latitude': 37.583118, 'longitude': 127.0003733}",https://pcmap.place.naver.com/place/20470111?entry=bmp&from=map&fromPanelNum=2&x=127.0003733&y=37.583118&timestamp=202402081306
131,20300076,이공오도씨,카페,True,False,,,,True,299,204,437,False,False,False,False,True,True,False,[],0,서울 종로구 성균관로4길 5 1층,02-765-2050,"{'latitude': 37.5845996, 'longitude': 126.9977713}",https://pcmap.place.naver.com/place/20300076?entry=bmp&from=map&fromPanelNum=2&x=126.9977713&y=37.5845996&timestamp=202402081306
132,1207577521,학림커피,카페,True,False,https://instagram.com/hakrim_coffee,140,1026,True,890,223,156,False,False,False,False,,,False,[],1,서울 종로구 대학로9길 23,070-4403-0077,"{'latitude': 37.5815355, 'longitude': 127.0006361}",https://pcmap.place.naver.com/place/1207577521?entry=bmp&from=map&fromPanelNum=2&x=127.0006361&y=37.5815355&timestamp=202402081306
133,20243311,모티집,막국수,True,False,,,,True,619,335,560,True,False,False,False,True,True,False,[],0,서울 종로구 이화장2길 1 모티집,0507-1408-4137,"{'latitude': 37.5781089, 'longitude': 127.0046754}",https://pcmap.place.naver.com/place/20243311?entry=bmp&from=map&fromPanelNum=2&x=127.0046754&y=37.5781089&timestamp=202402081307
134,32294973,스타벅스 마로니에공원점,카페,True,False,https://instagram.com/starbuckskorea,1812,864000,True,8546,247,30,False,False,False,False,False,True,False,[],2,서울 종로구 대학로 116,1522-3232,"{'latitude': 37.5815429, 'longitude': 127.0023412}",https://pcmap.place.naver.com/place/32294973?entry=bmp&from=map&fromPanelNum=2&x=127.0023412&y=37.5815429&timestamp=202402081307
135,19837813,케익아이메이드 대학로점,케이크전문,True,False,https://instagram.com/cakeimade_,10000,8197,True,364,288,254,True,False,False,False,False,True,False,[],1,서울 종로구 대학로11길 32 2층,010-6421-3506,"{'latitude': 37.5822399, 'longitude': 127.000001}",https://pcmap.place.naver.com/place/19837813?entry=bmp&from=map&fromPanelNum=2&x=127.000001&y=37.5822399&timestamp=202402081307
136,36237207,조선식당,한식,True,False,,,,True,1219,264,64,False,False,False,False,False,True,False,[],0,서울 종로구 대학로 128,02-763-3323,"{'latitude': 37.5827306, 'longitude': 127.0021227}",https://pcmap.place.naver.com/place/36237207?entry=bmp&from=map&fromPanelNum=2&x=127.0021227&y=37.5827306&timestamp=202402081308
137,13343222,홍콩반점0410 대학로점,중식당,True,False,,,,True,2591,334,132,False,False,False,False,True,False,False,[],1,서울 종로구 대학로10길 16 지하1층,02-3675-5004,"{'latitude': 37.5816506, 'longitude': 127.0030812}",https://pcmap.place.naver.com/place/13343222?entry=bmp&from=map&fromPanelNum=2&x=127.0030812&y=37.5816506&timestamp=202402081308
138,1439178545,유독,한식,True,False,,,,True,72,16,336,False,False,False,False,,,False,[],2,서울 종로구 동숭3길 16 1층,0507-1358-7383,"{'latitude': 37.5817524, 'longitude': 127.0047776}",https://pcmap.place.naver.com/place/1439178545?entry=bmp&from=map&fromPanelNum=2&x=127.0047776&y=37.5817524&timestamp=202402081308
139,1771022185,카페 선선혜화,"카페,디저트",True,False,https://instagram.com/cafe_sshyehwa,384,1718,True,248,161,263,False,False,False,False,,,False,[],0,서울 종로구 대학로11길 40 3층 카페 선선혜화,0507-1386-0047,"{'latitude': 37.5824499, 'longitude': 126.9996971}",https://pcmap.place.naver.com/place/1771022185?entry=bmp&from=map&fromPanelNum=2&x=126.9996971&y=37.5824499&timestamp=202402081308
140,13578493,마당너른집,"백숙,삼계탕",True,False,,,,True,591,297,293,False,False,False,False,False,True,False,[],0,서울 종로구 낙산길 3-4,02-3675-3838,"{'latitude': 37.5806518, 'longitude': 127.0046922}",https://pcmap.place.naver.com/place/13578493?entry=bmp&from=map&fromPanelNum=2&x=127.0046922&y=37.5806518&timestamp=202402081309
141,1211999509,스푼 혜화점,"카페,디저트",True,False,https://instagram.com/spoon_yogurt,16,702,True,796,147,31,False,False,False,False,,,False,[],0,"서울 종로구 대학로 141 3층, 4층 루프탑",02-743-0919,"{'latitude': 37.5838976, 'longitude': 127.0013605}",https://pcmap.place.naver.com/place/1211999509?entry=bmp&from=map&fromPanelNum=2&x=127.0013605&y=37.5838976&timestamp=202402081309
142,1268054508,담미온 대학로점,국밥,True,False,,,,True,332,42,241,False,True,False,False,,,False,[],0,서울 종로구 대학로11길 48,02-529-8078,"{'latitude': 37.5826889, 'longitude': 126.9993623}",https://pcmap.place.naver.com/place/1268054508?entry=bmp&from=map&fromPanelNum=2&x=126.9993623&y=37.5826889&timestamp=202402081309
143,1207108796,헤이스윗,베이커리,True,False,https://instagram.com/heysweet_dessert,403,1045,True,567,109,288,False,False,False,False,,,False,[],1,서울 종로구 동숭2길 3-4 1층 헤이스윗,0507-1304-9468,"{'latitude': 37.5808709, 'longitude': 127.0045793}",https://pcmap.place.naver.com/place/1207108796?entry=bmp&from=map&fromPanelNum=2&x=127.0045793&y=37.5808709&timestamp=202402081309
144,1612237861,HAUKE,"카페,디저트",True,False,https://instagram.com/hauke_seoul,21,4257,True,188,146,872,False,False,False,False,,,False,[],0,서울 종로구 낙산성곽서1길 18-18 하우크,0507-1325-5250,"{'latitude': 37.5779027, 'longitude': 127.0082072}",https://pcmap.place.naver.com/place/1612237861?entry=bmp&from=map&fromPanelNum=2&x=127.0082072&y=37.5779027&timestamp=202402081310
145,1550275288,그린풀,"카페,디저트",True,False,https://instagram.com/green.pool_,8,18,True,19,7,131,False,False,False,False,,,False,[],0,서울 종로구 동숭길 130-5 1층,0507-1429-1263,"{'latitude': 37.5838842, 'longitude': 127.0030468}",https://pcmap.place.naver.com/place/1550275288?entry=bmp&from=map&fromPanelNum=2&x=127.0030468&y=37.5838842&timestamp=202402081310
146,1293675280,토라 대학로점,이자카야,True,False,,,,True,253,96,73,False,False,False,False,,,False,[],1,서울 종로구 대명1길 4,0507-1340-7779,"{'latitude': 37.5832904, 'longitude': 127.0008236}",https://pcmap.place.naver.com/place/1293675280?entry=bmp&from=map&fromPanelNum=2&x=127.0008236&y=37.5832904&timestamp=202402081310
147,1255145676,한촌설렁탕 대학로점,"곰탕,설렁탕",True,False,,,,True,1590,75,133,False,False,False,False,,,False,[],0,서울 종로구 대학로11길 3,02-747-4588,"{'latitude': 37.5822783, 'longitude': 127.0014932}",https://pcmap.place.naver.com/place/1255145676?entry=bmp&from=map&fromPanelNum=2&x=127.0014932&y=37.5822783&timestamp=202402081311
148,36794987,코다차야대학로점,이자카야,True,False,,,,True,647,358,95,False,False,False,False,False,True,False,[],0,서울 종로구 대학로12길 13,02-766-7700,"{'latitude': 37.5826997, 'longitude': 127.0023991}",https://pcmap.place.naver.com/place/36794987?entry=bmp&from=map&fromPanelNum=2&x=127.0023991&y=37.5826997&timestamp=202402081311
149,1080038104,osso파스타,"스파게티,파스타전문",True,False,,,,True,233,370,408,False,False,False,False,,,False,[],0,서울 종로구 낙산길 21,,"{'latitude': 37.5805485, 'longitude': 127.0057315}",https://pcmap.place.naver.com/place/1080038104?entry=bmp&from=map&fromPanelNum=2&x=127.0057315&y=37.5805485&timestamp=202402081311
150,1193541066,대규스시,일식당,True,False,,,,True,32,63,281,False,False,False,False,,,False,[],0,서울 종로구 동숭3길 1 1층,02-766-0821,"{'latitude': 37.5812631, 'longitude': 127.004428}",https://pcmap.place.naver.com/place/1193541066?entry=bmp&from=map&fromPanelNum=2&x=127.004428&y=37.5812631&timestamp=202402081311
151,13547338,진아춘,중식당,True,False,,,,True,298,119,141,False,False,False,False,False,False,True,[],0,서울 종로구 대명1길 18,02-765-5688,"{'latitude': 37.5828495, 'longitude': 127.0005358}",https://pcmap.place.naver.com/place/13547338?entry=bmp&from=map&fromPanelNum=2&x=127.0005358&y=37.5828495&timestamp=202402081312
152,38300811,심야식당,요리주점,True,False,https://instagram.com/Simya2003,36,4738,True,638,107,208,False,False,False,False,False,False,False,[],1,서울 종로구 대명길 39-5 1층,0507-1405-9570,"{'latitude': 37.5828004, 'longitude': 126.9996098}",https://pcmap.place.naver.com/place/38300811?entry=bmp&from=map&fromPanelNum=2&x=126.9996098&y=37.5828004&timestamp=202402081312
153,1193580592,은식당,"육류,고기요리",True,False,https://instagram.com/eun_sikdang,82,1717,True,497,310,193,False,False,False,False,,,False,[],0,서울 종로구 대학로9길 29,0507-1441-9934,"{'latitude': 37.581751, 'longitude': 127.0002645}",https://pcmap.place.naver.com/place/1193580592?entry=bmp&from=map&fromPanelNum=2&x=127.0002645&y=37.581751&timestamp=202402081312
154,1827100425,유가네닭갈비 대학로점,닭갈비,True,False,https://instagram.com/yoogane,938,5090,True,981,86,202,False,False,False,False,,,False,[],0,서울 종로구 대학로8가길 89 1층 유가네닭갈비 대학로점,02-743-7177,"{'latitude': 37.5821159, 'longitude': 127.0034903}",https://pcmap.place.naver.com/place/1827100425?entry=bmp&from=map&fromPanelNum=2&x=127.0034903&y=37.5821159&timestamp=202402081312
155,1614084117,부부김밥,종합분식,True,False,,,,True,406,209,301,False,False,False,False,,,False,[],0,서울 종로구 동숭길 43,0507-1374-6056,"{'latitude': 37.5802544, 'longitude': 127.0042946}",https://pcmap.place.naver.com/place/1614084117?entry=bmp&from=map&fromPanelNum=2&x=127.0042946&y=37.5802544&timestamp=202402081313
156,1739658741,후토루 대학로점,김밥,True,False,,,,True,289,404,225,False,False,False,False,,,False,[],2,서울 종로구 대학로11길 22 1층,0507-1375-5544,"{'latitude': 37.5823377, 'longitude': 127.000453}",https://pcmap.place.naver.com/place/1739658741?entry=bmp&from=map&fromPanelNum=2&x=127.000453&y=37.5823377&timestamp=202402081313
157,359731573,오늘와인한잔 대학로점,와인,True,False,https://instagram.com/oneul.wine_hyehwa,7,90,True,582,280,271,False,False,False,False,True,True,False,[],0,서울 종로구 창경궁로 240-7 1층 오늘와인한잔,070-7738-7768,"{'latitude': 37.5824111, 'longitude': 126.9990456}",https://pcmap.place.naver.com/place/359731573?entry=bmp&from=map&fromPanelNum=2&x=126.9990456&y=37.5824111&timestamp=202402081313
158,36039465,혜화동 다이닝,양식,True,False,,,,True,183,176,286,False,False,False,False,False,True,False,[],0,서울 종로구 창경궁로26길 37-4,02-741-3288,"{'latitude': 37.5820463, 'longitude': 126.9996552}",https://pcmap.place.naver.com/place/36039465?entry=bmp&from=map&fromPanelNum=2&x=126.9996552&y=37.5820463&timestamp=202402081314
159,1147052133,솔트24,베이커리,True,False,,,,True,1230,144,246,False,False,False,False,,,False,[],0,서울 종로구 창경궁로 236 이화빌딩 1층 성대 솔트24,0507-1314-9273,"{'latitude': 37.5826891, 'longitude': 126.9988086}",https://pcmap.place.naver.com/place/1147052133?entry=bmp&from=map&fromPanelNum=2&x=126.9988086&y=37.5826891&timestamp=202402081314
160,37467837,육회한연어 대학로점,요리주점,True,False,,,,True,432,130,174,False,False,False,False,False,False,False,[],0,서울 종로구 창경궁로 246-6,0507-1366-0245,"{'latitude': 37.5832022, 'longitude': 126.999528}",https://pcmap.place.naver.com/place/37467837?entry=bmp&from=map&fromPanelNum=2&x=126.999528&y=37.5832022&timestamp=202402081314
161,1743964647,빌런치팬케이크,브런치,True,False,,,,True,92,61,261,False,False,False,False,,,False,[],0,서울 종로구 대학로11길 34-1 1층,0507-1346-8747,"{'latitude': 37.5823819, 'longitude': 126.9999033}",https://pcmap.place.naver.com/place/1743964647?entry=bmp&from=map&fromPanelNum=2&x=126.9999033&y=37.5823819&timestamp=202402081314
162,1047255217,두끼 대학로점,분식,True,False,,,,True,845,98,81,False,False,False,False,,,False,[],0,서울 종로구 대학로10길 5 3층 두끼,0507-1371-2771,"{'latitude': 37.581862, 'longitude': 127.0025975}",https://pcmap.place.naver.com/place/1047255217?entry=bmp&from=map&fromPanelNum=2&x=127.0025975&y=37.581862&timestamp=202402081315
163,37746744,은행골 대학로점,"초밥,롤",True,False,,,,True,457,316,267,False,False,False,False,True,True,False,[],0,서울 종로구 창경궁로26길 38,02-486-4988,"{'latitude': 37.5818857, 'longitude': 126.9998446}",https://pcmap.place.naver.com/place/37746744?entry=bmp&from=map&fromPanelNum=2&x=126.9998446&y=37.5818857&timestamp=202402081315
164,37160847,더파크츄러스,"카페,디저트",True,False,https://instagram.com/parkchurros,2073,1024,True,387,66,378,False,True,False,False,,,False,[],0,서울 종로구 낙산길 17 1층,02-745-0660,"{'latitude': 37.5805573, 'longitude': 127.0054118}",https://pcmap.place.naver.com/place/37160847?entry=bmp&from=map&fromPanelNum=2&x=127.0054118&y=37.5805573&timestamp=202402081315
165,1968245954,어스름,와인,True,False,https://instagram.com/eoseureum_seoul,400,2545,True,233,121,313,False,False,False,False,,,True,[],0,서울 종로구 동숭2길 7-4,0507-1446-9314,"{'latitude': 37.5810155, 'longitude': 127.0047546}",https://pcmap.place.naver.com/place/1968245954?entry=bmp&from=map&fromPanelNum=2&x=127.0047546&y=37.5810155&timestamp=202402081315
166,1939730046,간짜장전문점세아,중식당,True,False,,,,True,505,75,471,False,False,False,False,,,False,[],1,서울 종로구 성균관로 20 1층,02-766-9979,"{'latitude': 37.5845234, 'longitude': 126.9975946}",https://pcmap.place.naver.com/place/1939730046?entry=bmp&from=map&fromPanelNum=2&x=126.9975946&y=37.5845234&timestamp=202402081316
167,33586500,맥덕스,"맥주,호프",True,False,,,,True,103,380,526,False,False,False,False,True,True,False,[],0,서울 종로구 성균관로 25-9 2층,0507-1400-6397,"{'latitude': 37.5846438, 'longitude': 126.9970416}",https://pcmap.place.naver.com/place/33586500?entry=bmp&from=map&fromPanelNum=2&x=126.9970416&y=37.5846438&timestamp=202402081316
168,33758698,밥짓고티우림,한정식,True,False,,,,False,394,182,83,True,True,False,False,False,True,False,[],0,서울 성북구 성북로2길 15,0507-1402-4999,"{'latitude': 37.5893354, 'longitude': 127.0066142}",https://pcmap.place.naver.com/place/33758698?entry=bmp&from=map&fromPanelNum=2&x=127.0066142&y=37.5893354&timestamp=202402081316
169,30999815,미정국수0410 대학로점,국수,True,False,,,,True,1019,260,51,False,False,False,False,True,True,False,[],1,서울 종로구 대학로 131 지하1층,02-766-0410,"{'latitude': 37.5828898, 'longitude': 127.0014652}",https://pcmap.place.naver.com/place/30999815?entry=bmp&from=map&fromPanelNum=2&x=127.0014652&y=37.5828898&timestamp=202402081316
170,1793838609,서울바당,술집,True,False,https://instagram.com/seoulbadang,195,1254,True,344,118,117,False,False,False,False,,,False,[],2,서울 종로구 대명길 19-5 지하1층,0507-1339-3975,"{'latitude': 37.5831453, 'longitude': 127.0006897}",https://pcmap.place.naver.com/place/1793838609?entry=bmp&from=map&fromPanelNum=2&x=127.0006897&y=37.5831453&timestamp=202402081317
171,1969620581,혜화 리나스파스타,"스파게티,파스타전문",True,False,https://instagram.com/linas__pasta,23,14,True,459,139,35,False,False,False,False,,,False,[],2,서울 종로구 대학로 141 2층,0507-1355-9335,"{'latitude': 37.5838976, 'longitude': 127.0013605}",https://pcmap.place.naver.com/place/1969620581?entry=bmp&from=map&fromPanelNum=2&x=127.0013605&y=37.5838976&timestamp=202402081317
172,11592979,반저,요리주점,True,False,,,,True,200,263,156,True,False,False,False,False,True,False,[],1,서울 종로구 대학로8가길 56 동숭빌딩,02-742-9779,"{'latitude': 37.5830249, 'longitude': 127.0028685}",https://pcmap.place.naver.com/place/11592979?entry=bmp&from=map&fromPanelNum=2&x=127.0028685&y=37.5830249&timestamp=202402081317
173,1220264916,두두라멘,일본식라면,True,False,,,,True,37,23,322,False,False,False,False,,,False,[],0,서울 종로구 대학로5길 35 아크로텔 1층 102호,0507-1370-4021,"{'latitude': 37.5790266, 'longitude': 127.0006881}",https://pcmap.place.naver.com/place/1220264916?entry=bmp&from=map&fromPanelNum=2&x=127.0006881&y=37.5790266&timestamp=202402081318
174,1163421482,육전국밥 대학로점,국밥,True,True,,,,True,22,4,197,False,True,False,False,,,False,[],1,서울 종로구 동숭길 117 3층,02-745-1005,"{'latitude': 37.5831432, 'longitude': 127.0034988}",https://pcmap.place.naver.com/place/1163421482?entry=bmp&from=map&fromPanelNum=2&x=127.0034988&y=37.5831432&timestamp=202402081318
175,17976095,꼬치오뎅,종합분식,True,False,,,,True,281,170,266,False,False,False,False,True,True,False,[],1,서울 종로구 창경궁로 247-1,02-742-4937,"{'latitude': 37.5837747, 'longitude': 126.9993426}",https://pcmap.place.naver.com/place/17976095?entry=bmp&from=map&fromPanelNum=2&x=126.9993426&y=37.5837747&timestamp=202402081319
176,1875098696,"우정양꼬치,무한리필 대학로점",양꼬치,True,False,,,,True,254,57,320,False,False,False,False,,,False,[],0,서울 종로구 동숭길 78,0507-1376-0238,"{'latitude': 37.5817443, 'longitude': 127.0042484}",https://pcmap.place.naver.com/place/1875098696?entry=bmp&from=map&fromPanelNum=2&x=127.0042484&y=37.5817443&timestamp=202402081319
177,1465189832,쿰피르스테이크 혜화점,양식,True,False,https://instagram.com/hyehwa_kumpir,518,1609,True,559,280,329,False,False,False,False,,,False,[],0,서울 종로구 낙산길 7 1층,02-762-0772,"{'latitude': 37.580588, 'longitude': 127.004871}",https://pcmap.place.naver.com/place/1465189832?entry=bmp&from=map&fromPanelNum=2&x=127.004871&y=37.580588&timestamp=202402081319
178,1023401640,제이히든하우스,"카페,디저트",True,False,https://instagram.com/j.hiddenhouse,1222,2429,False,1533,709,56,False,False,False,False,,,False,[],0,서울 종로구 종로 269-4,02-744-1915,"{'latitude': 37.5714474, 'longitude': 127.0079653}",https://pcmap.place.naver.com/place/1023401640?entry=bmp&from=map&fromPanelNum=2&x=127.0079653&y=37.5714474&timestamp=202402081319
179,1027366552,낙산길20,"카페,디저트",True,False,https://instagram.com/naksangil20,117,223,True,263,63,387,False,False,False,False,,,False,[],0,서울 종로구 낙산길 20 1층,02-747-2714,"{'latitude': 37.5804093, 'longitude': 127.0055745}",https://pcmap.place.naver.com/place/1027366552?entry=bmp&from=map&fromPanelNum=2&x=127.0055745&y=37.5804093&timestamp=202402081320
180,31663694,주항아리,요리주점,True,False,,,,True,65,60,334,False,False,False,False,True,True,False,[],0,서울 종로구 창경궁로29길 11,02-743-6944,"{'latitude': 37.5833366, 'longitude': 126.998204}",https://pcmap.place.naver.com/place/31663694?entry=bmp&from=map&fromPanelNum=2&x=126.998204&y=37.5833366&timestamp=202402081320
181,37553498,빌리엔젤 대학로점,케이크전문,True,False,,,,True,1968,300,171,False,False,False,False,True,True,False,[],0,서울 종로구 대학로10길 24 스타리움빌딩 대학로디저트카페 빌리엔젤 대학로점,070-5051-8136,"{'latitude': 37.5816262, 'longitude': 127.0035244}",https://pcmap.place.naver.com/place/37553498?entry=bmp&from=map&fromPanelNum=2&x=127.0035244&y=37.5816262&timestamp=202402081320
182,20724809,달빛마루,요리주점,True,False,,,,True,437,469,246,False,False,False,False,False,True,False,[],0,서울 종로구 대학로11길 24-1,0507-1418-6787,"{'latitude': 37.5823016, 'longitude': 127.0002585}",https://pcmap.place.naver.com/place/20724809?entry=bmp&from=map&fromPanelNum=2&x=127.0002585&y=37.5823016&timestamp=202402081321
183,33252751,현초밥,일식당,True,False,,,,True,999,553,103,False,True,False,False,True,True,False,[],0,서울 종로구 창경궁로34길 10 1층 2층,0507-1440-5293,"{'latitude': 37.58462, 'longitude': 127.0009162}",https://pcmap.place.naver.com/place/33252751?entry=bmp&from=map&fromPanelNum=2&x=127.0009162&y=37.58462&timestamp=202402081321
184,11760885,김가네 대학로본점,분식,True,False,https://instagram.com/gimgane_official,686,15000,True,2303,178,208,False,False,False,False,True,True,False,[],0,서울 종로구 대명길 45,02-742-8292,"{'latitude': 37.5828075, 'longitude': 126.9991734}",https://pcmap.place.naver.com/place/11760885?entry=bmp&from=map&fromPanelNum=2&x=126.9991734&y=37.5828075&timestamp=202402081321
185,1432773551,평야,"육류,고기요리",True,False,https://instagram.com/pyeongya1888,18,144,True,101,54,112,False,False,False,False,,,False,[],0,서울 종로구 대학로14길 6 1층,0507-1394-4425,"{'latitude': 37.5837598, 'longitude': 127.0021705}",https://pcmap.place.naver.com/place/1432773551?entry=bmp&from=map&fromPanelNum=2&x=127.0021705&y=37.5837598&timestamp=202402081321
186,1604498621,재팔이네닭발 대학로점,닭발,True,False,https://instagram.com/jaepal2ne_daehakro,58,366,True,172,189,182,False,False,False,False,,,False,[],0,서울 종로구 대학로11길 38-18 2층,02-743-7541,"{'latitude': 37.5824832, 'longitude': 127.000673}",https://pcmap.place.naver.com/place/1604498621?entry=bmp&from=map&fromPanelNum=2&x=127.000673&y=37.5824832&timestamp=202402081322
187,33279757,혜화오름,"육류,고기요리",True,False,https://instagram.com/hyehwa_orum,25,33,True,276,37,96,False,False,False,False,,,False,[],0,서울 종로구 창경궁로34길 14 1층 오름,0507-1381-3744,"{'latitude': 37.5843515, 'longitude': 127.0007848}",https://pcmap.place.naver.com/place/33279757?entry=bmp&from=map&fromPanelNum=2&x=127.0007848&y=37.5843515&timestamp=202402081322
188,1725342915,더키친아시아 대학로점,인도음식,True,False,,,,True,146,177,118,False,False,False,False,,,False,[],0,"서울 종로구 대명길 27 2층, 3층",070-8773-3232,"{'latitude': 37.5831595, 'longitude': 127.0000974}",https://pcmap.place.naver.com/place/1725342915?entry=bmp&from=map&fromPanelNum=2&x=127.0000974&y=37.5831595&timestamp=202402081322
189,17976836,천지주점,"전통,민속주점",True,False,,,,True,76,37,251,False,False,False,False,,,False,[],0,서울 종로구 대학로11길 34-1 지하1층,02-743-7681,"{'latitude': 37.5823919, 'longitude': 126.999891}",https://pcmap.place.naver.com/place/17976836?entry=bmp&from=map&fromPanelNum=2&x=126.999891&y=37.5823919&timestamp=202402081322
190,1065126067,시샤디오엠,바(BAR),True,False,https://instagram.com/shisha__dom,44,401,True,50,12,354,False,False,False,False,,,False,[],0,서울 종로구 성균관로 4-8 1층,0507-1391-5589,"{'latitude': 37.5835877, 'longitude': 126.9987257}",https://pcmap.place.naver.com/place/1065126067?entry=bmp&from=map&fromPanelNum=2&x=126.9987257&y=37.5835877&timestamp=202402081323
191,37168888,함박웃음식당,퓨전음식,True,False,,,,True,586,227,256,False,False,False,False,False,True,False,[],0,서울 종로구 동숭길 51,0507-1301-3311,"{'latitude': 37.5806085, 'longitude': 127.0042185}",https://pcmap.place.naver.com/place/37168888?entry=bmp&from=map&fromPanelNum=2&x=127.0042185&y=37.5806085&timestamp=202402081323
192,1966599047,금문,중식당,True,False,,,,True,142,30,238,False,False,False,False,,,False,[],0,서울 종로구 창경궁로 269-1 1940금문,02-762-0918,"{'latitude': 37.5854073, 'longitude': 127.0006102}",https://pcmap.place.naver.com/place/1966599047?entry=bmp&from=map&fromPanelNum=2&x=127.0006102&y=37.5854073&timestamp=202402081323
193,38571707,센꼬치,이자카야,True,False,,,,True,249,103,264,False,False,False,False,True,True,False,[],0,서울 종로구 창경궁로 249,02-742-1101,"{'latitude': 37.5838742, 'longitude': 126.9994421}",https://pcmap.place.naver.com/place/38571707?entry=bmp&from=map&fromPanelNum=2&x=126.9994421&y=37.5838742&timestamp=202402081324
194,1377345799,밀회관 대학로점,"맥주,호프",True,False,,,,True,103,54,87,False,False,False,False,,,False,[],0,서울 종로구 대명길 22 2층,0507-1428-7036,"{'latitude': 37.5834961, 'longitude': 127.0003781}",https://pcmap.place.naver.com/place/1377345799?entry=bmp&from=map&fromPanelNum=2&x=127.0003781&y=37.5834961&timestamp=202402081324
195,1823791430,아로포,베트남음식,True,False,,,,True,216,189,248,False,False,False,False,,,False,[],0,서울 종로구 대학로11길 46 2층,0507-1347-0789,"{'latitude': 37.5826321, 'longitude': 126.9995278}",https://pcmap.place.naver.com/place/1823791430?entry=bmp&from=map&fromPanelNum=2&x=126.9995278&y=37.5826321&timestamp=202402081324
196,1259026902,우지커피 대학로점,"카페,디저트",True,False,https://instagram.com/oozy.coffee_official,433,1545,True,2552,70,277,False,False,False,False,,,False,[],0,서울 종로구 대학로 85 우지커피 대학로점,0507-0289-9244,"{'latitude': 37.5788194, 'longitude': 127.0019573}",https://pcmap.place.naver.com/place/1259026902?entry=bmp&from=map&fromPanelNum=2&x=127.0019573&y=37.5788194&timestamp=202402081324
197,1367326792,히메카츠,일식당,True,False,,,,True,195,79,145,False,False,False,False,,,False,[],1,서울 종로구 창경궁로 266 1층,0507-1335-6063,"{'latitude': 37.5847726, 'longitude': 127.0007897}",https://pcmap.place.naver.com/place/1367326792?entry=bmp&from=map&fromPanelNum=2&x=127.0007897&y=37.5847726&timestamp=202402081325
198,798812718,명륜포차,포장마차,True,False,,,,True,387,114,93,False,False,False,False,True,True,False,[],0,서울 종로구 대학로 135-3 1층,02-745-8202,"{'latitude': 37.583231, 'longitude': 127.0013534}",https://pcmap.place.naver.com/place/798812718?entry=bmp&from=map&fromPanelNum=2&x=127.0013534&y=37.583231&timestamp=202402081325
199,1558277500,스타벅스 혜화역점,카페,True,False,https://instagram.com/starbuckskorea,1812,864000,True,5029,122,66,False,False,False,False,,,False,[],1,서울 종로구 대학로12길 4,1522-3232,"{'latitude': 37.5824779, 'longitude': 127.002185}",https://pcmap.place.naver.com/place/1558277500?entry=bmp&from=map&fromPanelNum=2&x=127.002185&y=37.5824779&timestamp=202402081325
200,11585285,제일버거X타셴,햄버거,True,False,https://instagram.com/cafe_taschen,59,1309,True,1946,390,221,False,False,False,False,False,True,False,[],0,서울 종로구 동숭길 113 1층,,"{'latitude': 37.5830224, 'longitude': 127.0036784}",https://pcmap.place.naver.com/place/11585285?entry=bmp&from=map&fromPanelNum=2&x=127.0036784&y=37.5830224&timestamp=202402081325
201,36351184,명륜건강원,"백반,가정식",True,False,,,,True,296,213,233,False,True,False,False,True,True,False,[],0,서울 종로구 혜화로3길 5 아남아파트 301동103호,02-741-2344,"{'latitude': 37.5855739, 'longitude': 127.0001678}",https://pcmap.place.naver.com/place/36351184?entry=bmp&from=map&fromPanelNum=2&x=127.0001678&y=37.5855739&timestamp=202402081326
202,1166202808,달위 대학로점,"카페,디저트",True,True,,,,True,56,13,268,False,False,False,False,,,False,[],2,서울 종로구 동숭길 51 1층,0507-1396-9795,"{'latitude': 37.5805579, 'longitude': 127.0042086}",https://pcmap.place.naver.com/place/1166202808?entry=bmp&from=map&fromPanelNum=2&x=127.0042086&y=37.5805579&timestamp=202402081328
203,1653733782,파티오33,"카페,디저트",True,True,,,,True,80,6,329,False,True,False,False,,,False,[],2,서울 종로구 창경궁로33길 12 1층,010-5109-0078,"{'latitude': 37.5843342, 'longitude': 126.9992411}",https://pcmap.place.naver.com/place/1653733782?entry=bmp&from=map&fromPanelNum=2&x=126.9992411&y=37.5843342&timestamp=202402081328
204,1766757236,달로,요리주점,True,True,https://instagram.com/_dal_ro_,38,66,True,76,48,481,False,False,False,False,,,False,[],1,서울 종로구 성균관로 15-10 1층,0507-1357-7468,"{'latitude': 37.5839144, 'longitude': 126.9971311}",https://pcmap.place.naver.com/place/1766757236?entry=bmp&from=map&fromPanelNum=2&x=126.9971311&y=37.5839144&timestamp=202402081328
205,1102807974,샤브로21 대학로점,샤브샤브,True,True,https://instagram.com/shaburo21__daehakro,2,58,True,31,22,263,False,False,False,False,,,False,[],1,서울 종로구 창경궁로26길 41-3 1층,0507-1375-9588,"{'latitude': 37.5820967, 'longitude': 126.9997535}",https://pcmap.place.naver.com/place/1102807974?entry=bmp&from=map&fromPanelNum=2&x=126.9997535&y=37.5820967&timestamp=202402081328
206,1232333905,철길부산집 대학로혜화점,이자카야,True,True,,,,True,21,3,179,False,False,False,False,,,False,[],2,서울 종로구 대학로11길 38-18 1층,0507-1456-4866,"{'latitude': 37.5824628, 'longitude': 127.0006643}",https://pcmap.place.naver.com/place/1232333905?entry=bmp&from=map&fromPanelNum=2&x=127.0006643&y=37.5824628&timestamp=202402081329
207,1311763912,솔멕시,"멕시코,남미음식",True,True,,,,False,61,29,55,False,False,False,False,,,False,[],1,서울 성북구 동소문로6길 4-24 1층,0507-1331-8421,"{'latitude': 37.5884452, 'longitude': 127.0069707}",https://pcmap.place.naver.com/place/1311763912?entry=bmp&from=map&fromPanelNum=2&x=127.0069707&y=37.5884452&timestamp=202402081330
208,1173278998,카페 어쩌다 오늘,"카페,디저트",True,True,https://instagram.com/cafe_2day2023,23,48,True,10,3,112,False,False,False,False,,,False,[],0,서울 종로구 대학로14길 6 2층,0507-1398-2074,"{'latitude': 37.5837405, 'longitude': 127.0021701}",https://pcmap.place.naver.com/place/1173278998?entry=bmp&from=map&fromPanelNum=2&x=127.0021701&y=37.5837405&timestamp=202402081330
209,1229474921,대학로에 취하다 혜화 2호점,와인,True,True,,,,True,6,5,137,False,False,True,False,,,False,[],0,서울 종로구 대학로 144 5층 507호,0507-1351-1139,"{'latitude': 37.5839822, 'longitude': 127.0020846}",https://pcmap.place.naver.com/place/1229474921?entry=bmp&from=map&fromPanelNum=2&x=127.0020846&y=37.5839822&timestamp=202402081330
210,1625866123,쑥스초코파이 서울,베이커리,True,True,https://instagram.com/sooks.bakery,148,3141,False,934,33,115,False,False,False,False,,,False,[],2,서울 종로구 종로32길 25 1층,0507-1386-0467,"{'latitude': 37.5699262, 'longitude': 127.0014533}",https://pcmap.place.naver.com/place/1625866123?entry=bmp&from=map&fromPanelNum=2&x=127.0014533&y=37.5699262&timestamp=202402081330
211,1220986579,킹콩호떡,호떡,True,True,,,,True,6,,456,False,False,False,False,,,False,[],1,서울 종로구 성균관로 18 101호,0507-1368-2406,"{'latitude': 37.5844025, 'longitude': 126.9976533}",https://pcmap.place.naver.com/place/1220986579?entry=bmp&from=map&fromPanelNum=2&x=126.9976533&y=37.5844025&timestamp=202402081331
212,1479082790,굴렁쇠뒷고기,"육류,고기요리",True,True,,,,False,4,,7,False,False,False,False,,,False,[],0,서울 성북구 동소문로 2 지하1층,02-742-8399,"{'latitude': 37.5884242, 'longitude': 127.0067962}",https://pcmap.place.naver.com/place/1479082790?entry=bmp&from=map&fromPanelNum=2&x=127.0067962&y=37.5884242&timestamp=202402081331
213,1556061581,피즈소셜클럽,"카페,디저트",True,True,,,,False,7,26,256,False,False,True,False,,,False,[],1,서울 중구 을지로35길 51-4 4층,0507-1377-4315,"{'latitude': 37.569072, 'longitude': 127.0013575}",https://pcmap.place.naver.com/place/1556061581?entry=bmp&from=map&fromPanelNum=2&x=127.0013575&y=37.569072&timestamp=202402081331
214,1824499606,다락,요리주점,True,True,https://instagram.com/darak_naksan,15,53,False,15,11,683,False,False,False,False,,,False,[],0,서울 종로구 낙산성곽서길 87 1층,0507-1480-3781,"{'latitude': 37.5762199, 'longitude': 127.008245}",https://pcmap.place.naver.com/place/1824499606?entry=bmp&from=map&fromPanelNum=2&x=127.008245&y=37.5762199&timestamp=202402081331
215,1571519321,유수집,차,True,True,https://instagram.com/yoosoozib,19,90,False,14,4,257,False,True,False,False,,,False,[],0,서울 중구 을지로35길 51-4 5층,0507-1361-9542,"{'latitude': 37.569072, 'longitude': 127.0013575}",https://pcmap.place.naver.com/place/1571519321?entry=bmp&from=map&fromPanelNum=2&x=127.0013575&y=37.569072&timestamp=202402081332
216,1944409483,오봉집 종로5가점,한식,True,True,,,,False,55,80,333,False,False,False,False,,,False,[],2,서울 종로구 종로31길 39 1층,0507-1405-0085,"{'latitude': 37.5725561, 'longitude': 126.9990155}",https://pcmap.place.naver.com/place/1944409483?entry=bmp&from=map&fromPanelNum=2&x=126.9990155&y=37.5725561&timestamp=202402081332
217,1736149592,블루룸,양식,True,True,https://instagram.com/blueroom_seoul,29,62,False,90,23,137,False,False,False,False,,,False,[],2,서울 종로구 돈화문로11다길 23 1층,0507-1389-9931,"{'latitude': 37.5733102, 'longitude': 126.9905008}",https://pcmap.place.naver.com/place/1736149592?entry=bmp&n_ad_group_type=10&n_query=%EB%8C%80%ED%95%99%EB%A1%9C%EB%A7%9B%EC%A7%91&from=map&fromPanelNum=2&x=126.9905008&y=37.5733102&timestamp=202402081333
218,1933470929,카공족 한성대입구역점,"카페,디저트",True,True,https://instagram.com/kagongzok,8,61,False,,,74,False,False,False,False,,,False,[],1,"서울 성북구 동소문로6길 4-19 1층, 지하1층",0507-1467-5059,"{'latitude': 37.5884228, 'longitude': 127.0072434}",https://pcmap.place.naver.com/place/1933470929?entry=bmp&from=map&fromPanelNum=2&x=127.0072434&y=37.5884228&timestamp=202402081333
219,1548468811,동강어탕국수,"매운탕,해물탕",True,True,,,,False,,,58,False,True,False,False,,,False,[],1,"서울 종로구 종로 210 2층 201, 202호",0507-1358-3377,"{'latitude': 37.5706946, 'longitude': 127.0010004}",https://pcmap.place.naver.com/place/1548468811?entry=bmp&from=map&fromPanelNum=2&x=127.0010004&y=37.5706946&timestamp=202402081333
220,1511653927,홍백집,한식,True,True,,,,False,20,10,317,False,False,False,False,,,False,[],1,서울 종로구 종로 248-9 1층,0507-1367-3017,"{'latitude': 37.5705096, 'longitude': 127.0053215}",https://pcmap.place.naver.com/place/1511653927?entry=bmp&from=map&fromPanelNum=2&x=127.0053215&y=37.5705096&timestamp=202402081333
221,1711857559,프로틴테라피,차,True,True,,,,False,4,,453,False,False,False,False,,,False,[],0,서울 성북구 삼선교로10다길 12 1층,010-2987-0994,"{'latitude': 37.5861523, 'longitude': 127.0091313}",https://pcmap.place.naver.com/place/1711857559?entry=bmp&from=map&fromPanelNum=2&x=127.0091313&y=37.5861523&timestamp=202402081333
222,1120552716,꼬릿집,술집,True,True,https://instagram.com/uommmmmme,84,340,False,61,44,127,False,True,False,False,,,False,[],1,서울 종로구 종로44길 94 1층,0507-1326-6615,"{'latitude': 37.5706976, 'longitude': 127.0154489}",https://pcmap.place.naver.com/place/1120552716?entry=bmp&from=map&fromPanelNum=2&x=127.0154489&y=37.5706976&timestamp=202402081334
223,1954802485,퍼먼트 안국,베이커리,True,True,,,,True,10,15,378,False,False,False,False,,,False,[],2,서울 종로구 창덕궁1길 36 1층,0507-1441-7846,"{'latitude': 37.5794696, 'longitude': 126.98723}",https://pcmap.place.naver.com/place/1954802485?entry=bmp&from=map&fromPanelNum=2&x=126.98723&y=37.5794696&timestamp=202402081334
224,1611409285,노윤,프랑스음식,True,True,,,,True,32,7,309,False,False,False,False,,,False,[],2,서울 종로구 계동길 50 1층 101호,070-8691-4304,"{'latitude': 37.5795049, 'longitude': 126.9868676}",https://pcmap.place.naver.com/place/1611409285?entry=bmp&from=map&fromPanelNum=2&x=126.9868676&y=37.5795049&timestamp=202402081334
225,1559077087,새탁소,요리주점,True,True,,,,False,12,5,273,False,False,False,False,,,False,[],1,서울 종로구 율곡로10길 59 1층,010-3782-3872,"{'latitude': 37.5748436, 'longitude': 126.9914791}",https://pcmap.place.naver.com/place/1559077087?entry=bmp&from=map&fromPanelNum=2&x=126.9914791&y=37.5748436&timestamp=202402081334
226,1342043918,문화제빵,베이커리,True,True,,,,False,117,97,199,False,False,False,False,,,False,[],2,서울 종로구 돈화문로 65 1층,0507-1345-6889,"{'latitude': 37.5742708, 'longitude': 126.9908703}",https://pcmap.place.naver.com/place/1342043918?entry=bmp&from=map&fromPanelNum=2&x=126.9908703&y=37.5742708&timestamp=202402081335
227,1621651884,프럼크릭,"카페,디저트",True,True,https://instagram.com/plumcreek_seongbuk,3,14,False,9,,,False,True,False,False,,,False,[],2,서울 성북구 성북로 149-1 프럼크릭,0507-1404-4628,"{'latitude': 37.5943763, 'longitude': 126.9931031}",https://pcmap.place.naver.com/place/1621651884?entry=bmp&from=map&fromPanelNum=2&x=126.9931031&y=37.5943763&timestamp=202402081335
228,1122163946,돈암화로,"육류,고기요리",True,True,,,,False,71,10,155,False,True,False,False,,,False,[],0,서울 성북구 동소문로 81,0507-1392-8596,"{'latitude': 37.5924361, 'longitude': 127.0142006}",https://pcmap.place.naver.com/place/1122163946?entry=bmp&from=map&fromPanelNum=2&x=127.0142006&y=37.5924361&timestamp=202402081335
229,1135446206,라온제나,한식,True,True,,,,False,1,,244,False,False,False,False,,,False,[],1,서울 성북구 보문로40길 5 1층,0507-1311-9718,"{'latitude': 37.5917416, 'longitude': 127.0138202}",https://pcmap.place.naver.com/place/1135446206?entry=bmp&from=map&fromPanelNum=2&x=127.0138202&y=37.5917416&timestamp=202402081336
230,1859664758,팔각도 종로3가역점,닭갈비,True,True,,,,False,206,136,70,False,False,False,False,,,False,[],2,서울 종로구 돈화문로 33-1 1층,0507-1418-2232,"{'latitude': 37.5715137, 'longitude': 126.9916992}",https://pcmap.place.naver.com/place/1859664758?entry=bmp&from=map&fromPanelNum=2&x=126.9916992&y=37.5715137&timestamp=202402081336
231,1128445620,동소문동커피집,"카페,디저트",True,True,,,,False,11,,235,False,False,False,False,,,False,[],2,서울 성북구 동소문로15길 8 1층 동소문동 커피집,0507-1397-5700,"{'latitude': 37.5927173, 'longitude': 127.0140128}",https://pcmap.place.naver.com/place/1128445620?entry=bmp&from=map&fromPanelNum=2&x=127.0140128&y=37.5927173&timestamp=202402081336
232,1956574772,은신처 종로점,"육류,고기요리",True,True,https://instagram.com/hide_jongno,41,180,False,39,31,380,False,True,False,False,,,False,[],1,서울 종로구 돈화문로11가길 71 1층,0507-1385-4630,"{'latitude': 37.5757615, 'longitude': 126.9901938}",https://pcmap.place.naver.com/place/1956574772?entry=bmp&from=map&fromPanelNum=2&x=126.9901938&y=37.5757615&timestamp=202402081336
233,1958812748,문샤워,"카페,디저트",True,True,,,,False,18,6,311,False,False,False,False,,,False,[],2,서울 성북구 보문로 184-6 1층,0507-1478-2511,"{'latitude': 37.5906325, 'longitude': 127.0151804}",https://pcmap.place.naver.com/place/1958812748?entry=bmp&from=map&fromPanelNum=2&x=127.0151804&y=37.5906325&timestamp=202402081337
234,1745969792,마나부,이자카야,True,True,,,,False,14,4,181,False,False,False,False,,,False,[],0,서울 성북구 보문로38길 33 1층,0507-1408-2074,"{'latitude': 37.5912202, 'longitude': 127.0156753}",https://pcmap.place.naver.com/place/1745969792?entry=bmp&from=map&fromPanelNum=2&x=127.0156753&y=37.5912202&timestamp=202402081337
235,1171447980,규방도감집,한식,True,True,https://instagram.com/kyubangdogam_house,18,32,True,,,219,False,False,False,False,,,False,[],1,서울 종로구 북촌로1길 24-4 규방도감집,0507-1309-6609,"{'latitude': 37.5775257, 'longitude': 126.9844693}",https://pcmap.place.naver.com/place/1171447980?entry=bmp&from=map&fromPanelNum=2&x=126.9844693&y=37.5775257&timestamp=202402081338
236,1684042890,봉이밥 인사동점,한식,True,True,https://instagram.com/bong_ee_bab,39,1744,False,64,504,285,False,False,False,False,,,False,[],2,서울 종로구 삼일대로 446-34 101호,0507-1454-0331,"{'latitude': 37.5742486, 'longitude': 126.9879516}",https://pcmap.place.naver.com/place/1684042890?entry=bmp&from=map&fromPanelNum=2&x=126.9879516&y=37.5742486&timestamp=202402081338
237,1207115304,베럴버터,"카페,디저트",True,True,https://instagram.com/better_butter_bb,62,96,False,146,21,441,False,False,False,False,,,False,[],1,서울 성북구 삼선교로24길 42 1층 102호,0507-1337-8559,"{'latitude': 37.5883476, 'longitude': 127.0164345}",https://pcmap.place.naver.com/place/1207115304?entry=bmp&from=map&fromPanelNum=2&x=127.0164345&y=37.5883476&timestamp=202402081338
238,1140123351,븨븨븨,"카페,디저트",True,True,https://instagram.com/cafe_vvv,41,110,False,15,3,319,False,False,False,False,,,False,[],1,서울 종로구 돈화문로11나길 53 1층,0507-1468-6202,"{'latitude': 37.5749637, 'longitude': 126.9895159}",https://pcmap.place.naver.com/place/1140123351?entry=bmp&from=map&fromPanelNum=2&x=126.9895159&y=37.5749637&timestamp=202402081338
239,1305398652,복호포차,술집,True,True,,,,False,87,14,38,False,False,False,False,,,False,[],2,서울 종로구 돈화문로11길 30 1층 복호포차,0507-1377-3617,"{'latitude': 37.5726495, 'longitude': 126.9897321}",https://pcmap.place.naver.com/place/1305398652?entry=bmp&from=map&fromPanelNum=2&x=126.9897321&y=37.5726495&timestamp=202402081339
240,1713401260,모토이시 종각점,"육류,고기요리",True,True,,,,False,103,428,200,False,False,False,False,,,False,[],2,"서울 종로구 삼일대로17길 44 1, 2층",0507-1313-1701,"{'latitude': 37.5692396, 'longitude': 126.9850751}",https://pcmap.place.naver.com/place/1713401260?entry=bmp&from=map&fromPanelNum=2&x=126.9850751&y=37.5692396&timestamp=202402081339
241,1663507897,홍지로스,"육류,고기요리",True,True,https://instagram.com/soju_emo,271,8108,False,124,245,111,False,False,False,False,,,False,[],2,서울 종로구 삼일대로 428 낙원상가 1층 (낙원동 아구찜거리),0507-1377-0115,"{'latitude': 37.5729668, 'longitude': 126.9881975}",https://pcmap.place.naver.com/place/1663507897?entry=bmp&from=map&fromPanelNum=2&x=126.9881975&y=37.5729668&timestamp=202402081339
242,1701732712,대림국수 종각점,국수,True,True,,,,False,150,81,209,False,False,False,False,,,False,[],2,서울 종로구 종로12길 7 1층,0507-1352-1202,"{'latitude': 37.569722, 'longitude': 126.9858764}",https://pcmap.place.naver.com/place/1701732712?entry=bmp&from=map&fromPanelNum=2&x=126.9858764&y=37.569722&timestamp=202402081339
243,1545111365,짬뽕관 성신여대점,중식당,True,True,,,,False,303,226,145,False,False,False,False,,,False,[],2,서울 성북구 동소문로 119-1 1층,0507-1321-6637,"{'latitude': 37.5938969, 'longitude': 127.0179917}",https://pcmap.place.naver.com/place/1545111365?entry=bmp&from=map&fromPanelNum=2&x=127.0179917&y=37.5938969&timestamp=202402081340
244,1582534246,천우목장 종각점,"육류,고기요리",True,True,,,,False,304,139,233,False,False,False,False,,,False,[],2,서울 종로구 삼일대로17길 36 1층,0507-1437-9294,"{'latitude': 37.5693117, 'longitude': 126.9854513}",https://pcmap.place.naver.com/place/1582534246?entry=bmp&from=map&fromPanelNum=2&x=126.9854513&y=37.5693117&timestamp=202402081340
245,1153655734,이들스,"멕시코,남미음식",True,True,https://instagram.com/edls_official,78,1256,False,20,31,54,False,True,False,False,,,False,[],1,서울 종로구 삼일대로 428 중2층 이들스,0507-1446-0944,"{'latitude': 37.5726633, 'longitude': 126.9883699}",https://pcmap.place.naver.com/place/1153655734?entry=bmp&from=map&fromPanelNum=2&x=126.9883699&y=37.5726633&timestamp=202402081340
246,1204110125,새벽길 빨간오뎅,종합분식,True,True,,,,False,7,3,109,False,False,False,False,,,False,[],0,서울 성북구 동소문로20다길 2 1층 2호,0507-1497-1677,"{'latitude': 37.591509, 'longitude': 127.0168752}",https://pcmap.place.naver.com/place/1204110125?entry=bmp&from=map&fromPanelNum=2&x=127.0168752&y=37.591509&timestamp=202402081340
247,1996807742,브릿지파노라마,카페,True,True,https://instagram.com/bridge_panorama,27,117,False,173,35,219,False,False,False,False,,,False,[],2,서울 종로구 수표로18가길 23 1~2층,0507-1352-6853,"{'latitude': 37.5688457, 'longitude': 126.9909782}",https://pcmap.place.naver.com/place/1996807742?entry=bmp&from=map&fromPanelNum=2&x=126.9909782&y=37.5688457&timestamp=202402081341
248,1802311855,Poke all day 포케&샐러드 종로점,"다이어트,샐러드",True,True,,,,False,293,31,291,False,False,False,False,,,False,[],2,서울 종로구 종로16길 11 2층,0507-1355-0743,"{'latitude': 37.5695786, 'longitude': 126.9887318}",https://pcmap.place.naver.com/place/1802311855?entry=bmp&from=map&fromPanelNum=2&x=126.9887318&y=37.5695786&timestamp=202402081341
249,1806236164,요미우돈교자 성신여대점,일식당,True,True,https://instagram.com/yummyudongyoza_sungshin,13,136,False,55,48,324,False,False,False,False,,,False,[],2,서울 성북구 동소문로22길 58-1 요미우돈교자 성신여대점,0507-1497-5657,"{'latitude': 37.5904882, 'longitude': 127.0183783}",https://pcmap.place.naver.com/place/1806236164?entry=bmp&from=map&fromPanelNum=2&x=127.0183783&y=37.5904882&timestamp=202402081341
250,1157899221,마라공방 종로3가역점,마라탕,True,True,https://instagram.com/maragongbang_official,38,155,False,400,32,279,False,False,False,False,,,False,[],2,서울 종로구 종로 86 2층,0507-1492-8210,"{'latitude': 37.5699463, 'longitude': 126.9870196}",https://pcmap.place.naver.com/place/1157899221?entry=bmp&from=map&fromPanelNum=2&x=126.9870196&y=37.5699463&timestamp=202402081342
251,1993785936,순대실록 종각점,"순대,순댓국",True,True,,,,False,99,1,414,False,False,False,False,,,False,[],2,서울 종로구 종로14길 30 1층 순대실록 종각점,02-737-0045,"{'latitude': 37.56869, 'longitude': 126.9867855}",https://pcmap.place.naver.com/place/1993785936?entry=bmp&from=map&fromPanelNum=2&x=126.9867855&y=37.56869&timestamp=202402081342
252,1740387095,KUT,한식,True,True,,,,False,8,15,335,False,True,False,False,,,False,[],0,서울 종로구 종로 96 한올타워 3F KUT,02-2272-8012,"{'latitude': 37.5698597, 'longitude': 126.9882058}",https://pcmap.place.naver.com/place/1740387095?entry=bmp&from=map&fromPanelNum=2&x=126.9882058&y=37.5698597&timestamp=202402081342
253,1047985824,오온,소고기구이,True,True,https://instagram.com/oon.jongro,24,47,False,20,4,203,False,False,True,False,,,False,[],1,서울 종로구 삼일대로28길 8 7층,0507-1488-5551,"{'latitude': 37.573474, 'longitude': 126.9884549}",https://pcmap.place.naver.com/place/1047985824?entry=bmp&from=map&fromPanelNum=2&x=126.9884549&y=37.573474&timestamp=202402081342
254,1259268520,명불허전 원조골뱅이 종각직영점,포장마차,True,True,,,,False,1,,90,False,False,False,False,,,False,[],2,서울 종로구 우정국로2길 21 1층 101호,0507-1470-1431,"{'latitude': 37.5696191, 'longitude': 126.9842669}",https://pcmap.place.naver.com/place/1259268520?entry=bmp&from=map&fromPanelNum=2&x=126.9842669&y=37.5696191&timestamp=202402081343
