,store_id,name,category,is_food,new_store,instagram_link,instagram_post,instagram_follower,hot_spot,visitor_review_count,blog_review_count,distance_from_subway,on_tv,parking_available,no_kids,seoul_michelin,age-2030,gender-balance,on_blue_ribbon,image_urls,running_well,address,phone,gps,on_blue_ribbin
0,1089704000,벌툰 몽유도원 성수점,만화방,False,False,https://www.instagram.com/beetoon_official,747,2923,True,142,58,52,False,False,False,False,,,,"['https://search.pstatic.net/common/?autoRotate=true&type=w560_sharpen&src=https%3A%2F%2Fldb-phinf.pstatic.net%2F20230707_23%2F1688703987024bWpaR_JPEG%2FIMG_5435.jpeg', 'https://search.pstatic.net/common/?autoRotate=true&type=w560_sharpen&src=https%3A%2F%2Fldb-phinf.pstatic.net%2F20230707_218%2F1688703976881Hh2TS_JPEG%2FIMG_5430.jpeg', 'https://search.pstatic.net/common/?autoRotate=true&type=w560_sharpen&src=https%3A%2F%2Fldb-phinf.pstatic.net%2F20230707_198%2F1688703967633QUoOW_JPEG%2FIMG_5423.jpeg', 'https://search.pstatic.net/common/?autoRotate=true&type=w560_sharpen&src=https%3A%2F%2Fpup-review-phinf.pstatic.net%2FMjAyNDAxMzBfODMg%2FMDAxNzA2NTkxNDg3MDk4.qUI2CWm-CsQmCXNC36p9Rfe6EReI3otrow9ueFOIhXIg.BbXyhn1T52T8Jhgo-yzIdOch7285LZZGLk5E_7CVXjsg.JPEG%2Fimage.jpg', 'https://search.pstatic.net/common/?autoRotate=true&type=w560_sharpen&src=https%3A%2F%2Fpup-review-phinf.pstatic.net%2FMjAyNDAxMjlfNDEg%2FMDAxNzA2NDk0NTI1NjMx.-lv12FgTFQ0OCz9rV4NkEFicVGDqLUr9qQJcjVk08qsg.jnXstslPd9-Ch3y6knvoUf8uZOR2D67gPi59yJqcgR4g.JPEG%2F6D2E7181-A2C1-43FF-99DE-46BBC876AB5E.jpeg', 'https://search.pstatic.net/common/?autoRotate=true&type=w560_sharpen&src=https%3A%2F%2Fpup-review-phinf.pstatic.net%2FMjAyNDAxMjdfMjEw%2FMDAxNzA2MzM5MzA4NTE3.WN1XHVHUZEv5yNrNWeHZbFQVOyWGN3XRB18nmB-IMp8g.1CBY7yO4LCkrmNrWCXVq518EGoYuPhz1c8EkeKbDnNcg.JPEG%2FD8D57E6A-EF03-4DE2-8C24-CBD549574CFA.jpeg', 'https://search.pstatic.net/common/?autoRotate=true&type=w560_sharpen&src=http%3A%2F%2Fblogfiles.naver.net%2FMjAyMzEwMjZfMTE3%2FMDAxNjk4MzAwNTU5NDE5.STe4CDJ68CEOJW21ChEwbO7e2sDqTzegd4_mIlmdNJcg.Qsc42kdYvRZ7Z9Z-fd7ScsoABkbs3ncN9h9KzDUuOUYg.JPEG.whgmlql%2F%25B8%25DE%25B4%25BA%25C6%25C7.jpg', 'https://search.pstatic.net/common/?autoRotate=true&type=w560_sharpen&src=http%3A%2F%2Fblogfiles.naver.net%2FMjAyMzExMjlfMTI5%2FMDAxNzAxMjU5MzE3NDgx.6p_JgCDZKt4_bbVk0d-vU2GLL-TiTdXcqRrCnyY8xfsg.hemR6RPaHiMZGao_Frpb2NwzxtaERjvE9EYgbylMlo0g.JPEG.kcw5093%2FKakaoTalk_20231129_203546781_28.jpg', 'https://search.pstatic.net/common/?autoRotate=true&type=w560_sharpen&src=http%3A%2F%2Fblogfiles.naver.net%2FMjAyMzExMTBfMjYw%2FMDAxNjk5NTg2NjE3Nzg4.neolmYPKyjsLmQDyqb18EB9LCsSz8zaU_mTjhu7njr0g.M9ybpyVRhxEZ-F0xwROxPAGzfkUE_MEqughTsPDr4s8g.JPEG.july0506%2FKakaoTalk_20231031_134811683_19.jpg', 'https://search.pstatic.net/common/?autoRotate=true&type=w560_sharpen&src=https%3A%2F%2Fldb-phinf.pstatic.net%2F20230707_189%2F1688703958985MlCyp_JPEG%2FIMG_5421.jpeg']",True,서울 성동구 아차산로 122 3층,0507-1477-0194,"{'latitude': 37.5438756, 'longitude': 127.0574898}",False
1,1916263087,비디오카페 성수점,"복권,로또",False,False,,,,True,,1,909,False,False,False,False,,,,"['https://search.pstatic.net/common/?autoRotate=true&type=w560_sharpen&src=https%3A%2F%2Fldb-phinf.pstatic.net%2F20210130_73%2F1611970708269LDKBV_JPEG%2FQULAGiYpGJKXb9lzobU6r8BK.jpg', 'https://search.pstatic.net/common/?autoRotate=true&type=w560_sharpen&src=https%3A%2F%2Fldb-phinf.pstatic.net%2F20210130_108%2F1611970719808iQEbe_JPEG%2F3Srx0zvjNuuBOq0RkxxdeEGZ.jpg']",True,서울 성동구 성덕정길 84 1층,0507-1383-7331,"{'latitude': 37.5377742, 'longitude': 127.0528295}",False
2,35581398,얼짱만화방,만화방,False,False,,,,True,8,,155,False,False,False,False,,,,[],False,서울 성동구 성수일로8길 53 성수동복합시설 2층,02-499-3488,"{'latitude': 37.5453252, 'longitude': 127.0564587}",False
3,1062671523,벌툰 파리지앵 건대점,만화방,False,False,https://www.instagram.com/beetoon_official,747,2923,True,1097,93,31,False,False,False,False,,,,"['https://search.pstatic.net/common/?autoRotate=true&type=w560_sharpen&src=https%3A%2F%2Fldb-phinf.pstatic.net%2F20220115_217%2F16421779576110tF2x_JPEG%2FKakaoTalk_Photo_2022-01-15-01-31-41_002.jpeg', 'https://search.pstatic.net/common/?autoRotate=true&type=w560_sharpen&src=https%3A%2F%2Fldb-phinf.pstatic.net%2F20220113_59%2F1642074526401RWWTm_PNG%2F%25BD%25BA%25C5%25A9%25B8%25B0%25BC%25A6_2022-01-13_20.18.19.png', 'https://search.pstatic.net/common/?autoRotate=true&type=w560_sharpen&src=https%3A%2F%2Fldb-phinf.pstatic.net%2F20220115_226%2F16421779576059xlMj_JPEG%2FKakaoTalk_Photo_2022-01-15-01-31-41_003.jpeg', 'https://search.pstatic.net/common/?autoRotate=true&type=w560_sharpen&src=https%3A%2F%2Fpup-review-phinf.pstatic.net%2FMjAyNDAxMjhfMTkz%2FMDAxNzA2MzkxNDc0NTEz.vqkjOJBZk8z5y7wvOBwSfZcF7LVmYxHRoB7qcKgqnKYg.btwAsc8uvH1TF-JrIAXE29a0pqXDbEArxT8Ay88eagsg.JPEG%2F6391FC8D-9C44-42FD-B048-2E88A04A801D.jpeg', 'https://search.pstatic.net/common/?autoRotate=true&type=w560_sharpen&src=https%3A%2F%2Fpup-review-phinf.pstatic.net%2FMjAyMzExMjVfMTUg%2FMDAxNzAwOTIwNzgzMTQw.CCvx4Tad22aHDSi1iFwHwFu4AjWcUbdRPtB_IUmwzp8g.tUifyZpqoMYHelgmciBZAWLjBUKnn3sL2eCtOq46Pncg.JPEG%2F20231123_183948.jpg.jpg', 'https://search.pstatic.net/common/?autoRotate=true&type=w560_sharpen&src=https%3A%2F%2Fpup-review-phinf.pstatic.net%2FMjAyMzExMjVfMjA1%2FMDAxNzAwOTIwNzg4MjE3.cREUpKwSX0iQ4tYGne39WDZJIlO5Gwv_XH8JxJDdO2Mg.tBrHaUt0KjkttliuXSTyVGuCHdQ1-xYe_DZ0F8WfSpYg.JPEG%2F20231123_182249.jpg.jpg', 'https://search.pstatic.net/common/?autoRotate=true&type=w560_sharpen&src=https%3A%2F%2Fmoment-phinf.pstatic.net%2FMjAyMzA4MTJfMTU2%2FMDAxNjkxODI5OTY3ODg3.XuBTbyX0507zCI6QoNqyjZnrZmLR0848Nb0We33-0wQg.KOVdw9xk2dJEGRDSLfyILyvrzRM2UTj5YD9bZ8ACoQEg.JPEG%2FE2ADA72C-8179-4F5F-B99D-1F6CD2F28CFE.jpg', 'https://search.pstatic.net/common/?autoRotate=true&type=w560_sharpen&src=http%3A%2F%2Fblogfiles.naver.net%2FMjAyNDAxMjFfMjA4%2FMDAxNzA1ODI2Mzc3NDUz.sV4cPWN5LW3tW_WHUyLucZ7TISOG3iC7k14jFwRLVq8g.FX8mku-uWtuPQQ9CLE2oaO_rs7SyTY6fIyAc23GGOU8g.PNG.koak3847%2Fimage.png', 'https://search.pstatic.net/common/?autoRotate=true&type=w560_sharpen&src=http%3A%2F%2Fblogfiles.naver.net%2FMjAyMzExMjFfMTY1%2FMDAxNzAwNTYyNTYyMTQy.-QpXvP6jforHjJDtQxU34sgwUU2puIMHh8Pq__d7_2Ug.Vb59AtDKBqgRoHxzg3pZXTJXeJSPcfyXpgAqci8mxK8g.JPEG.rnrdlfdn%2FKakaoTalk_20231121_191610572.jpg', 'https://search.pstatic.net/common/?autoRotate=true&type=w560_sharpen&src=http%3A%2F%2Fblogfiles.naver.net%2FMjAyNDAxMTJfMTg1%2FMDAxNzA0OTk1MzA3NDEw.J524IkgKCQXMirNbx6w5ylZOOLGKsD4cugNoPTUUphUg.QUZPjOFdNLbBxCLq-DHmg9s8qb8vZXbatn9VIyJNziQg.JPEG.am801%2FIMG_2295.jpg']",False,서울 광진구 아차산로 225 단산화빌딩 4층,02-6953-6678,"{'latitude': 37.5408654, 'longitude': 127.0685075}",False
4,38632459,놀숲 압구정역점,만화방,False,False,,,,False,163,78,161,False,True,False,False,,,,"['https://search.pstatic.net/common/?autoRotate=true&type=w560_sharpen&src=https%3A%2F%2Fldb-phinf.pstatic.net%2F20230516_227%2F1684219676236NtXKt_JPEG%2FKakaoTalk_20230515_161726215_02.jpg', 'https://search.pstatic.net/common/?autoRotate=true&type=w560_sharpen&src=https%3A%2F%2Fldb-phinf.pstatic.net%2F20230516_191%2F1684219681760xlGl7_JPEG%2FKakaoTalk_20230515_161726215_01.jpg', 'https://search.pstatic.net/common/?autoRotate=true&type=w560_sharpen&src=https%3A%2F%2Fldb-phinf.pstatic.net%2F20230516_105%2F1684219688718BKHG4_JPEG%2FKakaoTalk_20230515_161726215.jpg', 'https://search.pstatic.net/common/?autoRotate=true&type=w560_sharpen&src=https%3A%2F%2Fpup-review-phinf.pstatic.net%2FMjAyMzEyMjhfMjgz%2FMDAxNzAzNzU4OTE1OTA3.HV4-icjoG5kCIOOwJH-lhL-2kAIHpbGGCwQA_UzOKBYg.9OQuzQNiJ3t0GFO4DP_1St8rJnYKQ-V7HB3KUj7uHPIg.JPEG%2F1703758840180.jpg.jpg', 'https://search.pstatic.net/common/?autoRotate=true&type=w560_sharpen&src=https%3A%2F%2Fpup-review-phinf.pstatic.net%2FMjAyMzEwMDFfMTgw%2FMDAxNjk2MDg2NzI3MjA1.ZrfLS1kG1o7hcNJhGHEVzgIFJ6ODr4Y52rLEU2JRj6Mg.2_Ox_oE0aM6N76QCNJVsZuiLg6QbEVVRbawjBfrFxmgg.JPEG%2Fphotocollage_2023927125427526.jpg', 'https://search.pstatic.net/common/?autoRotate=true&type=w560_sharpen&src=https%3A%2F%2Fpup-review-phinf.pstatic.net%2FMjAyMzEwMDFfMjEz%2FMDAxNjk2MDg2NzI2ODM0.q8U28NbdaAONXEme9bHbS3JwfBdkja69dWRC4GtoO_4g.m2442A20m9JPTt0qglV628Tuc8RR6nIo-Pwp_OxPodAg.JPEG%2Fphotocollage_2023927125310569.jpg', 'https://search.pstatic.net/common/?autoRotate=true&type=w560_sharpen&src=http%3A%2F%2Fblogfiles.naver.net%2FMjAyNDAxMTBfNjgg%2FMDAxNzA0ODI4NDkxNDI2.6gjjmYhUR6441EiyzMZyZrYTQCMR0_-6RKy1Wby8dkAg.dalKIgwkgLJSGgnhWEZP9Vr8qMBjB3nNXZWNWRLp7Tkg.JPEG.0chunga0%2FKakaoTalk_20240110_041531104_20.jpg', 'https://search.pstatic.net/common/?autoRotate=true&type=w560_sharpen&src=http%3A%2F%2Fimage.nmv.naver.net%2Fblog_2023_11_12_130%2F380507ac-8159-11ee-a107-a0369ffddda8_01.jpg', 'https://search.pstatic.net/common/?autoRotate=true&type=w560_sharpen&src=http%3A%2F%2Fblogfiles.naver.net%2FMjAyMzA5MjFfOTEg%2FMDAxNjk1MjYzMjc5NjA5.aI4G21mTHhH7DSzRthABOkm6UjTHIW4rg_hmw4AOQZYg.Z4LzR2IvrAJsdZ8ac5Hedmz-kB1AkULhH-HrZReMHWQg.JPEG.binjhk%2FIMG_7568.jpg', 'https://search.pstatic.net/common/?autoRotate=true&type=w560_sharpen&src=https%3A%2F%2Fldb-phinf.pstatic.net%2F20230915_235%2F1694749725149AgXez_JPEG%2FKakaoTalk_20230915_120552129.jpg']",False,서울 강남구 압구정로28길 22-6 지하 1층,02-544-6250,"{'latitude': 37.525289, 'longitude': 127.027056}",False
5,37768977,놀숲 건대점,만화방,False,False,,,,True,798,141,19,False,False,False,False,,,,"['https://search.pstatic.net/common/?autoRotate=true&type=w560_sharpen&src=https%3A%2F%2Fldb-phinf.pstatic.net%2F20170322_175%2F1490146680449oBi4m_JPEG%2F186272506779630_0.jpeg', 'https://search.pstatic.net/common/?autoRotate=true&type=w560_sharpen&src=https%3A%2F%2Fldb-phinf.pstatic.net%2F20170322_258%2F1490146680519YEeTT_JPEG%2F186272506779630_1.jpeg', 'https://search.pstatic.net/common/?autoRotate=true&type=w560_sharpen&src=https%3A%2F%2Fldb-phinf.pstatic.net%2F20170322_18%2F1490146680603Vf9oF_JPEG%2F186272506779630_2.jpeg', 'https://search.pstatic.net/common/?autoRotate=true&type=w560_sharpen&src=https%3A%2F%2Fpup-review-phinf.pstatic.net%2FMjAyNDAxMjdfMjkx%2FMDAxNzA2MzQ5NTEyOTcy.1rwJIT5P6IND-WSBAQaBo5tIni51UekxFfrOox-8ktAg.mUA2OGq5_YUjo-MJ2wztoVHnkl93g7SfTqyuYpqH_5Ig.JPEG%2F1706349471481.jpg.jpg', 'https://search.pstatic.net/common/?autoRotate=true&type=w560_sharpen&src=https%3A%2F%2Fpup-review-phinf.pstatic.net%2FMjAyNDAxMjdfNTMg%2FMDAxNzA2MzQ5NTEyOTE3.ySETYiHOEtZ-iN0avpcl-S5vy0IzQ0pVah7-Z8rdjQog.jo214lqy_cdFPGw1goqdyFIekaU2h-HJKNQtRBM12FAg.JPEG%2F1706349471274.jpg.jpg', 'https://search.pstatic.net/common/?autoRotate=true&type=w560_sharpen&src=https%3A%2F%2Fpup-review-phinf.pstatic.net%2FMjAyNDAxMjdfMTU1%2FMDAxNzA2MzQ5NTEyNzYx.CpV-lxpXMd-6lDgAjKCSvx2Q6Sf3q_j_Wt0JIEDhDpcg.sdXB3gnm_UqzZmLyUF7cjvX36b7HmjHIJ_etZnBJK3gg.JPEG%2F1706349471440.jpg.jpg', 'https://search.pstatic.net/common/?autoRotate=true&type=w560_sharpen&src=http%3A%2F%2Fblogfiles.naver.net%2FMjAyMzEyMzFfODYg%2FMDAxNzAzOTk4MDk0NzI1.jcX_9FBsvaA9h8hw2Ztko2IoyFXMcb9FK9yOOcIS4Eog.OmdcUCsPMk8q_gWuBmw10tT_lNQXUsZoUnWZwf0iYQ8g.JPEG.only_0916%2FIMG_8203.jpg', 'https://search.pstatic.net/common/?autoRotate=true&type=w560_sharpen&src=http%3A%2F%2Fblogfiles.naver.net%2FMjAyNDAxMTdfMjM0%2FMDAxNzA1NDk2Mzg1NDg0.MMXyiLwk8GB4dqjbEiGRRLU3OJ8mL-cQF4nRSMdX7wQg.VQ-eMgnms8IEh8ATUle4B0Zg9DEKuI6Mr4hgVZjs5PIg.JPEG.dkstngus5730%2F%25B0%25C7%25B4%25EB%25BF%25AA%25B3%25EE%25BD%25A3_%25287%2529.jpg', 'https://search.pstatic.net/common/?autoRotate=true&type=w560_sharpen&src=http%3A%2F%2Fblogfiles.naver.net%2FMjAyMzExMDFfMjA0%2FMDAxNjk4NzkzNDc1NDE1.znwI1faKi2YywntecnDzvDoTrHl3bd5aqKkw8Wo5iGgg.Pow_0jM5hfwsNgpwp6qVzoNVahA9KKFmbcRr8u-xgMgg.JPEG.zzszzx528%2FIMG_5374.JPG', 'https://search.pstatic.net/common/?autoRotate=true&type=w560_sharpen&src=https%3A%2F%2Fldb-phinf.pstatic.net%2F20170322_50%2F14901466806660EoRF_JPEG%2F186272506779630_3.jpeg']",False,서울 광진구 아차산로 224 3층 놀숲건대점,02-2205-3927,"{'latitude': 37.5405511, 'longitude': 127.0681837}",False
6,1861896035,놀숲 화양점,만화방,False,False,,,,False,93,41,385,False,False,False,False,,,,"['https://search.pstatic.net/common/?autoRotate=true&type=w560_sharpen&src=https%3A%2F%2Fldb-phinf.pstatic.net%2F20211022_248%2F1634878778290jOsMl_JPEG%2FOGcP39IG2KRqMOUcov9ZGdl9.jpg', 'https://search.pstatic.net/common/?autoRotate=true&type=w560_sharpen&src=https%3A%2F%2Fldb-phinf.pstatic.net%2F20211022_161%2F1634878776504Y1Gms_JPEG%2FROpL45f35qYAH4wuG5rqUwbY.jpg', 'https://search.pstatic.net/common/?autoRotate=true&type=w560_sharpen&src=https%3A%2F%2Fldb-phinf.pstatic.net%2F20211022_128%2F1634878776314UDO6m_JPEG%2Fym65VcMMQ-Bc5FWoACm6pfLD.jpg', 'https://search.pstatic.net/common/?autoRotate=true&type=w560_sharpen&src=https%3A%2F%2Fpup-review-phinf.pstatic.net%2FMjAyMzEwMDNfNzQg%2FMDAxNjk2MzA0MDg3ODc0.B9IHoF-c_Mzl2X1-wSVq2EnL67JSM_abtKR7o-s99jQg.b5s1owi_ikOFjYn-r93IkChkC9Vtwbqrq-APMwt3OmMg.JPEG%2F20231002_134141.jpg.jpg', 'https://search.pstatic.net/common/?autoRotate=true&type=w560_sharpen&src=https%3A%2F%2Fpup-review-phinf.pstatic.net%2FMjAyMzA5MjBfMjU4%2FMDAxNjk1MjE1MjUyNTQy.ZIF7cxCczOiy6jTM0nim1fW7W9kzLPutqq4qbTiFsMQg.2Zbi-4t7F1dsJpzw7DPq80t-qUgrupJT_D-FlVem_aog.JPEG%2FC9A629FE-A9A2-4391-9D09-5E4AA8867FD5.jpeg', 'https://search.pstatic.net/common/?autoRotate=true&type=w560_sharpen&src=https%3A%2F%2Fpup-review-phinf.pstatic.net%2FMjAyMzA4MjdfMzIg%2FMDAxNjkzMTIzMjY2NTM3.b1-izr73I2Ffg8Qckc0ECCbxNL-okkLNSmJyGMraSl4g.BPinNgipU9lKPSTwKE4cBMd7Nr6HEWA0GGWwKzemwMkg.JPEG%2F20230825_105505.jpg', 'https://search.pstatic.net/common/?autoRotate=true&type=w560_sharpen&src=http%3A%2F%2Fblogfiles.naver.net%2FMjAyMzExMDdfNzMg%2FMDAxNjk5MzM0MTYxNTg4.x1W6J6OzbepPIASS1bJhe0PAwfRvFvo_kVHgtbap8K8g.tAMq5tris1ZsJSgfe-iyuFXL4n1ntdND4uolSYKuEnIg.JPEG.kwa00060%2F20230927_183208.jpg', 'https://search.pstatic.net/common/?autoRotate=true&type=w560_sharpen&src=http%3A%2F%2Fblogfiles.naver.net%2FMjAyNDAxMjFfMTc3%2FMDAxNzA1ODEzMTQyMjc3.4aC5JNrfi6C_B5_7U0MwJwRH7wub_-CWzvz_FR7jQDYg.kCRMO9mLcBzfhyzQx1wXvSQtGVBjfChH9UBSb_toEhEg.JPEG.soojung9510%2F20240121%25A3%25DF135415.jpg', 'https://search.pstatic.net/common/?autoRotate=true&type=w560_sharpen&src=http%3A%2F%2Fblogfiles.naver.net%2FMjAyNDAxMDFfMjUg%2FMDAxNzA0MTE1NjY1NjM3.bmel0Ah8euDw6ek3_p7ISbp_K-HUe_dHKUNOmT9s8ncg.4DR24cjhnTNR6XrMp6oNUwLiVqYjf6bBYdhK-SITyqUg.JPEG.qoenfl97%2FIMG_5702.jpg', 'https://search.pstatic.net/common/?autoRotate=true&type=w560_sharpen&src=https%3A%2F%2Fldb-phinf.pstatic.net%2F20211022_284%2F1634878776290edInP_JPEG%2FMxJoixKrzGv4im5L4vwMf0Mk.jpg']",True,서울 광진구 능동로19길 57 4층,070-8822-6409,"{'latitude': 37.5473684, 'longitude': 127.0705001}",False
7,38781152,놀숲 한양대점,만화방,False,False,,,,False,309,57,369,False,False,False,False,,,,"['https://search.pstatic.net/common/?autoRotate=true&type=w560_sharpen&src=https%3A%2F%2Fldb-phinf.pstatic.net%2F20161129_271%2F1480416433792Gby2w_JPEG%2F177079597732795_0.jpeg', 'https://search.pstatic.net/common/?autoRotate=true&type=w560_sharpen&src=https%3A%2F%2Fldb-phinf.pstatic.net%2F20161129_104%2F1480416433960qwrpD_JPEG%2F177079597732795_1.jpeg', 'https://search.pstatic.net/common/?autoRotate=true&type=w560_sharpen&src=https%3A%2F%2Fldb-phinf.pstatic.net%2F20161129_187%2F1480416434169gy3Em_JPEG%2F177079597732795_2.jpeg', 'https://search.pstatic.net/common/?autoRotate=true&type=w560_sharpen&src=https%3A%2F%2Fpup-review-phinf.pstatic.net%2FMjAyNDAxMjFfMTU2%2FMDAxNzA1NzYzMTQ3MTQ2.VRGHMUY8N7S7CoJJFjvWcAt6rdhv7Ghm3Gyn-w-f7Uwg.vuf69SUc4p4Cj5tmxup11tgbS_sPRkqmtHY5i2PIef8g.JPEG%2FBAF19F78-BC10-4787-B317-CE966BFD08E5.jpeg', 'https://search.pstatic.net/common/?autoRotate=true&type=w560_sharpen&src=https%3A%2F%2Fpup-review-phinf.pstatic.net%2FMjAyMzExMTJfMjc5%2FMDAxNjk5NzQ2ODkzMTIz.ibheqt2_YFFWdoKYmq6d1gmBaGXe7-ofWR6ERVgVi3og.hWmy6X6S08ArTyRB0eL3IxOfC5d7mAjN5J3lgQ6R6V4g.JPEG%2F85A5A60F-DA1E-4481-A37F-8D50EE3D058A.jpeg', 'https://search.pstatic.net/common/?autoRotate=true&type=w560_sharpen&src=https%3A%2F%2Fpup-review-phinf.pstatic.net%2FMjAyMzA4MjdfMjIx%2FMDAxNjkzMTE5NjE2NDEz.0oDq7cqIDl4bw68AieVvWVsO6TM7BlsJdlR2iYZ4Iikg.Hjrip2da18DjPEjCi0SkgGnKdt_QksJHvQwAdPdj8vgg.JPEG%2F71F1A987-9750-415B-98D2-F68E27708A48.jpeg', 'https://search.pstatic.net/common/?autoRotate=true&type=w560_sharpen&src=http%3A%2F%2Fblogfiles.naver.net%2FMjAyMzEyMThfMTM4%2FMDAxNzAyOTA2NTAzNTgx.E6j6CT3n007_G1i2QeFUoHo8aH-aCgrn7N4uXn5K5Okg.qO4cI6fO3tfSeodogkmXA9RASB7Ulv5h-ZSzfqPwfGEg.JPEG.syslsi3%2F1702906493582.jpg', 'https://search.pstatic.net/common/?autoRotate=true&type=w560_sharpen&src=http%3A%2F%2Fblogfiles.naver.net%2FMjAyMzA5MjdfMTAw%2FMDAxNjk1NzgzODg0NDUz.zugcxr3tuZQVF2fJCjzKjXCH_qcOkdVmFpdf9ieCNXIg.DdF6WCDDu4_TMdnIXlPCwI4Mda0PakNLFNLKyLSs8MQg.JPEG.udong2022%2FIMG_3963_Original.jpg', 'https://search.pstatic.net/common/?autoRotate=true&type=w560_sharpen&src=http%3A%2F%2Fimage.nmv.naver.net%2Fblog_2023_10_12_1841%2F911c21df-68c5-11ee-85bd-a0369ffdab2c_01.jpg', 'https://search.pstatic.net/common/?autoRotate=true&type=w560_sharpen&src=https%3A%2F%2Fldb-phinf.pstatic.net%2F20161129_266%2F1480416434486yTDm1_JPEG%2F177079597732795_3.jpeg']",True,서울 성동구 마조로 11 3층,02-2299-9995,"{'latitude': 37.559023, 'longitude': 127.0406767}",False
8,38501938,만화사랑,만화방,False,False,,,,False,9,4,474,False,True,False,False,,,,"['https://search.pstatic.net/common/?autoRotate=true&type=w560_sharpen&src=https%3A%2F%2Fldb-phinf.pstatic.net%2F20200504_66%2F1588562683858UfzBR_JPEG%2Fa5epJtN0BlAYQexrQRJdu7sK.jpeg.jpg', 'https://search.pstatic.net/common/?autoRotate=true&type=w560_sharpen&src=https%3A%2F%2Fldb-phinf.pstatic.net%2F20200504_8%2F1588562728322jKTmK_JPEG%2FiNgKkd1xO7WjfGwNQOT_I6II.jpeg.jpg', 'https://search.pstatic.net/common/?autoRotate=true&type=w560_sharpen&src=https%3A%2F%2Fldb-phinf.pstatic.net%2F20200504_25%2F1588562773254OiXN2_JPEG%2FHn_EZQEvOwzkXb2KVq3v9-7r.jpeg.jpg', 'https://search.pstatic.net/common/?autoRotate=true&type=w560_sharpen&src=https%3A%2F%2Fpup-review-phinf.pstatic.net%2FMjAyMzAyMjhfMTYw%2FMDAxNjc3NTg0MTE1NDA1.57YntzYDknJvjFuc1nwS1HnbvktrHK6K5iEa9n38-48g.j8tRPHOPJKnQCbjGp1sPtEXGdcqpXC1fEMEGDsAt9fwg.JPEG%2Fimage.jpg', 'https://search.pstatic.net/common/?autoRotate=true&type=w560_sharpen&src=https%3A%2F%2Fpup-review-phinf.pstatic.net%2FMjAyMzAyMjhfMjEw%2FMDAxNjc3NTg0MDkyNDc4.4aVMYPTUmelhQVihQYZaTqe0_dGUhN-IcpHL9iVe2sUg.KOntqoyJqWchmhi45R0BGyuow1G3nCrUfv8ldyF7x4gg.JPEG%2Fimage.jpg', 'https://search.pstatic.net/common/?autoRotate=true&type=w560_sharpen&src=http%3A%2F%2Fblogfiles.naver.net%2FMjAyMjEwMjJfMjg4%2FMDAxNjY2MzY5NjAxMDg2.vTs7eyJh4KzuQaQUXoHaiXOqK66CVeqThpRkOI62okQg.cyoSS0DYDMw8yzks7gTiFup4pWGyvIyNdjQuMbWEmCwg.JPEG.siggle%2F20221020%25A3%25DF213700.jpg', 'https://search.pstatic.net/common/?autoRotate=true&type=w560_sharpen&src=http%3A%2F%2Fblogfiles.naver.net%2FMjAyMjA3MjRfMTQ2%2FMDAxNjU4NTg4NzEwNTY1.HYOYGoGseaZDLQUkaQJC1hRlAtc7T2a1V5napul9eEUg.aJNFt6chq4mQ6fgktzZVgUZwEDjQ4UA1PFGMH6H9VPQg.JPEG.siggle%2F20220722%25A3%25DF220520.jpg', 'https://search.pstatic.net/common/?autoRotate=true&type=w560_sharpen&src=http%3A%2F%2Fblogfiles.naver.net%2FMjAyMTEwMjhfMjQy%2FMDAxNjM1NDA1MzUxMDQ3.m-hyAyxKxrW11eVLLOhBxJ_BVy9_hJk8LJdBPTTxLEAg.qabQ1Yf1lOQguPLQzkwMwiOS-BLEyqHqx8O0rMtANH4g.JPEG.anngabriel%2F2.jpg', 'https://search.pstatic.net/common/?autoRotate=true&type=w560_sharpen&src=http%3A%2F%2Fblogfiles.naver.net%2FMjAyMjEwMjJfMTQw%2FMDAxNjY2MzY5NTk2Njgz.pXVcUbE8dVeevu3yNlxQkcJCQ7F4rv--6RaCBhicnskg.WaHy181DHeLqRK5jOD_2GKz_jDpwNF5TWQc3_OF4iWog.JPEG.siggle%2F20221020%25A3%25DF221005.jpg', 'https://search.pstatic.net/common/?autoRotate=true&type=w560_sharpen&src=http%3A%2F%2Fblogfiles.naver.net%2FMjAyMjEwMjVfMTIz%2FMDAxNjY2Njg4NTE0NDQ2.dUcar5ARvb8siZzXvNGanJkFiGzu7V8imiQNPjogMYkg.vGH_lQdnhA4RUzJwfhbOd83XRIsXl0gJiTvBdNJxX5wg.JPEG.siggle%2F1666688432628.jpg']",False,서울 광진구 뚝섬로23길 48 지하1층,0507-1403-8431,"{'latitude': 37.5371894, 'longitude': 127.0660591}",False
9,1052261848,모지트,"카페,디저트",False,False,,,,False,19,2,423,False,False,False,False,,,,"['https://search.pstatic.net/common/?autoRotate=true&type=w560_sharpen&src=https%3A%2F%2Fldb-phinf.pstatic.net%2F20190723_129%2F1563871732215OpJ2G_JPEG%2FH0WLuLZ6KYC3nUtUsj0-1p-P.jpg', 'https://search.pstatic.net/common/?autoRotate=true&type=w560_sharpen&src=http%3A%2F%2Fblogfiles.naver.net%2FMjAyMDAxMjJfMjgy%2FMDAxNTc5NjgyOTM1MTY3.6r8flic9ejlh279XuHFB4I7IoWvBwOEDzqM0Otzkqbgg.JXBiLcVjdO0_KfN7ZQY9yA-zZ3oh2dCIZO8JOqMFDrUg.JPEG.sis40%2F1579682933934.jpg']",True,서울 광진구 군자로 149 1층,02-464-5024,"{'latitude': 37.5547628, 'longitude': 127.0757658}",False
10,1304859083,만화방,만화방,False,False,,,,False,2,,906,False,False,False,False,,,,['https://search.pstatic.net/common/?autoRotate=true&type=w560_sharpen&src=https%3A%2F%2Fldb-phinf.pstatic.net%2F20210320_247%2F1616219484373hxLw1_JPEG%2FJEvUDkAJ_Q1AYBxXc-nHXRIL.jpg'],False,서울 성동구 금호로 54,,"{'latitude': 37.5483228, 'longitude': 127.0260148}",False
