,store_id,name,category,is_food,new_store,instagram_link,instagram_post,instagram_follower,hot_spot,visitor_review_count,blog_review_count,distance_from_subway,on_tv,parking_available,no_kids,pet_available,seoul_michelin,age-2030,gender-balance,on_blue_ribbon,image_urls,address,phone,gps
0,1560103206,동백꽃공방,공방,TRUE,FALSE,http://www.instagram.com/camellia_sss,255,3466,TRUE,,48,433,FALSE,FALSE,FALSE,FALSE,FALSE,,,FALSE,[],서울 종로구 동숭1길 12 B1,010-8009-0601,"{'latitude': 37.5799126, 'longitude': 127.0050488}"
2,37663526,비트포비아 대학로,방탈출카페,TRUE,FALSE,https://www.instagram.com/beat_phobia,829,4904,TRUE,74,828,106,FALSE,FALSE,FALSE,FALSE,FALSE,,,FALSE,[],서울 종로구 대학로10길 12 5층,0507-1476-5252,"{'latitude': 37.5816118, 'longitude': 127.0028096}"
3,35949552,반지대학 강남캠퍼스,공방,TRUE,FALSE,,,,TRUE,170,547,226,FALSE,FALSE,FALSE,FALSE,FALSE,,,FALSE,[],서울 강남구 테헤란로1길 32 연성흠근생 4층 1호,0507-1305-9858,"{'latitude': 37.50042700000661, 'longitude': 127.02747950001302}"
4,37336820,미스터힐링 신촌점,힐링카페,TRUE,FALSE,,,,TRUE,840,134,176,FALSE,FALSE,FALSE,FALSE,FALSE,,,FALSE,[],서울 서대문구 신촌로 119 신영스카이텔 B1,0507-1374-1197,"{'latitude': 37.5561785, 'longitude': 126.9390276}"
6,37015113,남대문실탄사격장,사격장,TRUE,FALSE,,,,FALSE,1804,306,282,FALSE,FALSE,FALSE,FALSE,FALSE,,,FALSE,[],서울 중구 남대문시장길 25-8 4층,02-778-4008,"{'latitude': 37.560498, 'longitude': 126.9774783}"
8,36476159,카페테라피 대학로점,테마카페,TRUE,FALSE,,,,TRUE,1093,215,358,TRUE,TRUE,FALSE,FALSE,FALSE,FALSE,TRUE,FALSE,[],서울 종로구 낙산길 14 2층,02-741-7979,"{'latitude': 37.5803602, 'longitude': 127.0052996}"
9,38299605,ESC방탈출카페 홍대점,방탈출카페,TRUE,FALSE,,,,TRUE,60,255,496,FALSE,FALSE,FALSE,FALSE,FALSE,,,FALSE,[],서울 마포구 와우산로21길 19-16 지하2층,0507-1481-8295,"{'latitude': 37.5518166, 'longitude': 126.9225289}"
10,36631598,다이나믹메이즈 인사동,테마파크,TRUE,FALSE,,,,TRUE,7742,783,212,FALSE,TRUE,FALSE,FALSE,FALSE,FALSE,TRUE,FALSE,[],서울 종로구 인사동길 12 대일빌딩 지하1층,02-2034-0600,"{'latitude': 37.5718987, 'longitude': 126.9872482}"
11,13475855,아쿠아플라넷 63,아쿠아리움,TRUE,FALSE,,,,FALSE,15002,3797,,FALSE,TRUE,FALSE,FALSE,FALSE,FALSE,TRUE,FALSE,[],서울 영등포구 63로 50,1833-7001,"{'latitude': 37.5198458, 'longitude': 126.9400547}"
13,37408740,큐브이스케이프 홍대점,방탈출카페,TRUE,FALSE,,,,TRUE,725,1630,448,FALSE,FALSE,FALSE,FALSE,FALSE,,,FALSE,[],서울 마포구 양화로16길 15 무광빌딩 4층,02-323-5567,"{'latitude': 37.5534368, 'longitude': 126.9206197}"
14,33874345,루소주얼리 홍대점,공방,TRUE,FALSE,https://www.instagram.com/lusoj,2448,7621,TRUE,2262,490,13,FALSE,TRUE,FALSE,FALSE,FALSE,,,FALSE,[],서울 마포구 양화로 166 지하 1층 루소주얼리 홍대점,0507-1310-7891,"{'latitude': 37.5567326, 'longitude': 126.9241712}"
15,36339304,비스트로누,이탈리아음식,TRUE,FALSE,,,,FALSE,2422,681,684,FALSE,TRUE,FALSE,FALSE,FALSE,FALSE,TRUE,FALSE,[],서울 서초구 사평대로26길 26-6 3층,0507-1438-5123,"{'latitude': 37.4990691, 'longitude': 126.998772}"
16,33040101,반지만들기카페 건대점,공방,TRUE,FALSE,,,,TRUE,739,817,190,FALSE,TRUE,FALSE,FALSE,FALSE,,,FALSE,[],서울 광진구 동일로20길 89 성신빌딩 2층,0507-1327-8288,"{'latitude': 37.5400689, 'longitude': 127.0685404}"
18,778564823,제나일,공방,TRUE,FALSE,https://www.instagram.com/zenylekorea,125,800,FALSE,62,12,300,FALSE,FALSE,FALSE,FALSE,FALSE,,,FALSE,[],서울 영등포구 도림로 445 2층 제나일,02-2679-3356,"{'latitude': 37.5148247, 'longitude': 126.8935043}"
19,682304977,루소주얼리 건대점,공방,TRUE,FALSE,,,,TRUE,637,163,96,FALSE,FALSE,FALSE,TRUE,FALSE,,,FALSE,[],서울 광진구 아차산로34길 5 1층 2호 루소주얼리 건대점,0507-1326-9759,"{'latitude': 37.5398907, 'longitude': 127.0697433}"
20,567710893,락큐 포켓볼 클럽,당구장,TRUE,FALSE,,,,TRUE,38,31,158,FALSE,TRUE,FALSE,FALSE,FALSE,,,FALSE,[],서울 광진구 아차산로30길 18 2층,0507-1425-0999,"{'latitude': 37.5400419, 'longitude': 127.067326}"
21,780391941,아이홉 맥주공방,주류제조,TRUE,FALSE,,,,FALSE,13,220,279,FALSE,TRUE,FALSE,FALSE,FALSE,,,FALSE,[],서울 송파구 백제고분로 243 삼전빌딩 지하,02-415-7942,"{'latitude': 37.5030163, 'longitude': 127.0937263}"
23,37558893,쉼스토리,힐링카페,TRUE,FALSE,,,,TRUE,88,253,305,FALSE,FALSE,FALSE,FALSE,FALSE,,,FALSE,[],서울 강남구 역삼로3길 17 혜진빌딩 3층,0507-1409-6441,"{'latitude': 37.4946163, 'longitude': 127.0310001}"
24,933479059,미스터힐링 종각역점,힐링카페,TRUE,FALSE,,,,FALSE,1159,96,69,FALSE,FALSE,FALSE,FALSE,FALSE,,,FALSE,[],서울 종로구 종로 62-1,02-723-5599,"{'latitude': 37.56993, 'longitude': 126.9843631}"
26,897545921,또와또 낚시카페,낚시터,TRUE,FALSE,,,,FALSE,259,78,755,FALSE,FALSE,FALSE,FALSE,FALSE,,,FALSE,[],서울 광진구 동일로 166,070-4078-1255,"{'latitude': 37.5469288, 'longitude': 127.0669439}"
28,33211757,비올즈플라워카페,"꽃집,꽃배달",TRUE,FALSE,http://www.instagram.com/beolsflowercafe,1769,1122,FALSE,221,189,27,FALSE,TRUE,FALSE,FALSE,FALSE,,,FALSE,[],서울 관악구 남부순환로 1919 지하1층 비올즈(본점),010-5207-7320,"{'latitude': 37.477696, 'longitude': 126.9626322}"
30,37604005,반지더하기 건대점,테마카페,TRUE,FALSE,,,,TRUE,384,334,174,FALSE,FALSE,FALSE,TRUE,FALSE,,,FALSE,[],서울 광진구 동일로22길 96 3층,0507-1355-8407,"{'latitude': 37.5409385, 'longitude': 127.0693815}"
31,89312272,미스터힐링 교대역점,힐링카페,TRUE,FALSE,,,,FALSE,393,183,35,FALSE,FALSE,FALSE,FALSE,FALSE,,,FALSE,[],서울 서초구 서초중앙로 111 황도빌딩 B01호,0507-1416-2234,"{'latitude': 37.4917625, 'longitude': 127.0137806}"
33,1213033169,미스터힐링 숙대입구역점,힐링카페,TRUE,FALSE,,,,FALSE,345,48,11,FALSE,FALSE,FALSE,FALSE,FALSE,,,FALSE,[],서울 용산구 한강대로 286-2 3층,0507-1431-9511,"{'latitude': 37.5439154, 'longitude': 126.9726352}"
35,1243411743,미스터힐링 마곡발산역점,힐링카페,TRUE,FALSE,http://www.instagram.com/mrhealing_balsanmagok,262,418,FALSE,806,162,165,FALSE,TRUE,FALSE,FALSE,FALSE,,,FALSE,[],서울 강서구 마곡중앙6로 93 열린프라자 4층 405호,0507-1324-2888,"{'latitude': 37.5601377, 'longitude': 126.8377086}"
36,1968791696,미스터리룸 이스케이프 홍대2호점,방탈출카페,TRUE,FALSE,https://www.instagram.com/mysteryroom_escape_hd2,1743,288,TRUE,142,529,401,FALSE,FALSE,FALSE,FALSE,FALSE,,,FALSE,[],서울 마포구 독막로7길 41 2층,02-336-9010,"{'latitude': 37.5496934, 'longitude': 126.9194636}"
38,1163514727,리얼샷,사격장,TRUE,FALSE,,,,FALSE,322,52,227,FALSE,FALSE,FALSE,FALSE,FALSE,,,FALSE,[],서울 종로구 종로12길 10 3층,0507-1488-0463,"{'latitude': 37.569656, 'longitude': 126.985615}"
40,35272134,홍대반지카페,공방,TRUE,FALSE,https://www.instagram.com/banjicafe,495,1268,TRUE,5477,1742,534,FALSE,FALSE,FALSE,TRUE,FALSE,,,FALSE,[],서울 마포구 잔다리로6길 40-6 3층,02-337-6464,"{'latitude': 37.5521097, 'longitude': 126.921282}"
42,1167577690,템플스트라이크,볼링장,TRUE,FALSE,https://www.instagram.com/templestrike_gangnam,284,662,TRUE,1444,428,207,FALSE,TRUE,FALSE,FALSE,FALSE,,,FALSE,[],서울 서초구 강남대로61길 13 지하1층 템플스트라이크,0507-1330-8008,"{'latitude': 37.4989882, 'longitude': 127.0257214}"
44,398449188,두젠틀장승배기역점,애견카페,TRUE,FALSE,http://www.instagram.com/dogentle_,610,4897,FALSE,162,54,313,FALSE,TRUE,FALSE,TRUE,FALSE,,,FALSE,[],서울 동작구 상도로 217-4,0507-1412-2120,"{'latitude': 37.50543725978561, 'longitude': 126.942900760878}"
45,38411640,더메이즈 건대점,방탈출카페,TRUE,FALSE,http://www.instagram.com/themazedungeon,184,690,TRUE,286,649,258,FALSE,FALSE,FALSE,FALSE,FALSE,,,FALSE,[],서울 광진구 아차산로26길 13 B1,0507-1411-2577,"{'latitude': 37.5406667, 'longitude': 127.066167}"
46,37072755,루나밍,공방,TRUE,FALSE,https://www.instagram.com/lunaming202,1015,448,TRUE,99,402,346,FALSE,TRUE,FALSE,FALSE,FALSE,,,FALSE,[],서울 서대문구 연희로 18 1층 루나밍,0507-1456-1131,"{'latitude': 37.5604753, 'longitude': 126.9268602}"
48,1094171058,리얼샷사격양궁장 홍대점,사격장,TRUE,FALSE,http://www.instagram.com/realshotplus,19,1488,TRUE,576,318,563,FALSE,FALSE,FALSE,FALSE,FALSE,,,FALSE,[],서울 마포구 어울마당로 74 4층 리얼샷사격양궁장 홍대점,02-6953-6953,"{'latitude': 37.5516282, 'longitude': 126.92161280000002}"
49,1504066713,리얼샷 사격양궁장실내카페,사격장,TRUE,FALSE,,,,TRUE,195,75,155,FALSE,FALSE,FALSE,FALSE,FALSE,,,FALSE,[],서울 광진구 아차산로29길 17 지하층,0507-1305-5826,"{'latitude': 37.5417332, 'longitude': 127.0683455}"
50,1332113282,명보드게임,보드카페,TRUE,FALSE,https://www.instagram.com/myeong_board,73,731,FALSE,93,8,176,FALSE,FALSE,FALSE,FALSE,FALSE,,,FALSE,[],서울 중랑구 사가정로51길 39 3층,0507-1318-2060,"{'latitude': 37.5826, 'longitude': 127.0877913}"
51,1052039271,젬하우스,공방,TRUE,FALSE,,,,TRUE,112,127,225,FALSE,TRUE,FALSE,FALSE,FALSE,,,FALSE,[],서울 강남구 강남대로152길 35 401호,0507-1443-9930,"{'latitude': 37.5180621, 'longitude': 127.0222933}"
52,1920602049,마스터키즈쿠킹,"영,유아,아동",TRUE,FALSE,http://www.instagram.com/masterkidscooking,1149,4321,TRUE,2032,127,184,FALSE,FALSE,FALSE,FALSE,FALSE,,,FALSE,[],서울 종로구 대학로8길 25,0507-1312-5857,"{'latitude': 37.5809643, 'longitude': 127.003696}"
54,37430272,리틀파파포 연남점,베트남음식,TRUE,FALSE,http://instagram.com/littlepapa_pho,121,967,TRUE,1103,604,474,FALSE,FALSE,FALSE,TRUE,FALSE,TRUE,TRUE,FALSE,[],서울 마포구 동교로38안길 5 1층,0507-1423-5678,"{'latitude': 37.5621164, 'longitude': 126.9246722}"
55,13587483,십원집,돼지고기구이,TRUE,FALSE,,,,FALSE,608,566,66,FALSE,TRUE,FALSE,FALSE,FALSE,FALSE,FALSE,TRUE,[],서울 중구 서소문로 134-6,0507-1491-9222,"{'latitude': 37.5634545, 'longitude': 126.975885}"
57,1096313766,마루아트홀,공연장,TRUE,FALSE,https://www.instagram.com/my_ps_partner_,118,312,TRUE,1,309,125,FALSE,FALSE,FALSE,FALSE,FALSE,,,FALSE,[],서울 종로구 대학로8가길 30 3층,070-4618-5753,"{'latitude': 37.5823012, 'longitude': 127.0025496}"
58,38711752,고양이정원,고양이카페,TRUE,FALSE,https://www.instagram.com/catgarden2010,265,3905,FALSE,474,1203,575,FALSE,TRUE,FALSE,FALSE,FALSE,,,FALSE,[],서울 강서구 개화동로19길 18,02-2665-4507,"{'latitude': 37.5757084, 'longitude': 126.8031392}"
60,1808473263,클럽K서울 선릉찜질방사우나,찜질방,TRUE,FALSE,https://www.instagram.com/clubkseoul.official,1380,5260,FALSE,510,53,165,FALSE,TRUE,FALSE,FALSE,FALSE,,,FALSE,[],서울 강남구 선릉로 524 117호,0507-1488-1149,"{'latitude': 37.5066263, 'longitude': 127.0484328}"
61,36399217,반지대학 명동캠퍼스,공방,TRUE,FALSE,,,,TRUE,153,606,168,FALSE,FALSE,FALSE,FALSE,FALSE,,,FALSE,[],서울 중구 명동2길 52 4층,0507-1408-6620,"{'latitude': 37.561118, 'longitude': 126.9831334}"
62,36342218,문숙이미나리식당,"백반,가정식",TRUE,FALSE,,,,TRUE,813,636,569,TRUE,FALSE,FALSE,FALSE,FALSE,TRUE,TRUE,TRUE,[],서울 마포구 잔다리로6길 34-5 1층,02-322-2827,"{'latitude': 37.552072, 'longitude': 126.9211336}"
63,1556219900,레이저아레나 홍대점,서바이벌게임,TRUE,FALSE,http://www.instagram.com/laserarena_hongdae.crew,1072,208,TRUE,493,254,478,FALSE,TRUE,FALSE,FALSE,FALSE,,,FALSE,[],서울 마포구 와우산로 111 태화프라자 5층 레이저아레나,0507-1310-4273,"{'latitude': 37.5534708, 'longitude': 126.925721}"
64,61864949,벌툰 인더스트리얼 홍대본점,만화방,TRUE,FALSE,https://www.instagram.com/beetoon_official,744,2920,TRUE,283,159,500,FALSE,TRUE,FALSE,FALSE,FALSE,,,FALSE,[],서울 마포구 독막로7길 63,02-3142-8880,"{'latitude': 37.5506014, 'longitude': 126.9201006}"
65,784977997,제이네,양식,TRUE,FALSE,https://www.instagram.com/jeine.dining,14,2314,TRUE,571,371,511,FALSE,FALSE,FALSE,FALSE,FALSE,,,TRUE,[],서울 종로구 율곡로1길 74-13,0507-1402-7899,"{'latitude': 37.5787616, 'longitude': 126.9818205}"
67,1238946598,넵타임커피,"카페,디저트",TRUE,FALSE,http://www.instagram.com/naptime_coffee,166,644,FALSE,291,53,128,FALSE,TRUE,FALSE,TRUE,FALSE,,,FALSE,[],서울 강남구 논현로132길 33 1층 넵타임커피,02-540-7187,"{'latitude': 37.51562496679411, 'longitude': 127.033121656124}"
68,11662870,N서울타워,전망대,TRUE,FALSE,,,,FALSE,11719,6098,,FALSE,TRUE,FALSE,FALSE,FALSE,FALSE,FALSE,FALSE,[],서울 용산구 남산공원길 105,02-3455-9277,"{'latitude': 37.5512168, 'longitude': 126.9882475}"
70,1667048504,쁘띠문래,양식,TRUE,FALSE,,,,FALSE,288,304,594,FALSE,TRUE,FALSE,FALSE,FALSE,,,TRUE,[],서울 영등포구 선유로17길 24 신일아르디세 1층 쁘띠문래,0507-1461-0367,"{'latitude': 37.5210994, 'longitude': 126.8872255}"
71,1333132690,보드게임카페 갬성,보드카페,TRUE,FALSE,http://www.instagram.com/gamsung0510,7,4,FALSE,56,16,374,FALSE,TRUE,FALSE,FALSE,FALSE,,,FALSE,[],서울 송파구 백제고분로41길 26 3층,0507-1324-8502,"{'latitude': 37.5083012, 'longitude': 127.1069994}"
73,1916353899,보드게임카페 레드버튼 신림점,보드카페,TRUE,FALSE,https://www.instagram.com/official_redbutton,350,18000,FALSE,1341,195,61,FALSE,FALSE,FALSE,FALSE,FALSE,,,FALSE,[],서울 관악구 신림로 323 3층 레드버튼,02-877-3799,"{'latitude': 37.48316798111471, 'longitude': 126.92957813485168}"
74,1211005409,후암거실,"임대,대여",TRUE,FALSE,,,,FALSE,162,41,549,FALSE,FALSE,FALSE,FALSE,FALSE,,,FALSE,[],서울 용산구 두텁바위로1가길 47 3층 후암거실,070-8839-6552,"{'latitude': 37.5484508, 'longitude': 126.9762357}"
76,19889939,엔버거,햄버거,TRUE,FALSE,,,,FALSE,2651,97,,FALSE,FALSE,FALSE,FALSE,FALSE,,,FALSE,[],서울 용산구 남산공원길 105 YTN서울타워,02-3455-9222,"{'latitude': 37.5514167, 'longitude': 126.9881052}"
78,38019562,World Board 월드보드게임카페,보드카페,TRUE,FALSE,https://www.instagram.com/worldboard1,9,93,FALSE,195,214,74,FALSE,FALSE,FALSE,FALSE,FALSE,,,FALSE,[],서울 강북구 도봉로87길 9 4층,02-995-2395,"{'latitude': 37.6382406, 'longitude': 127.0249843}"
80,37561940,비밀의화원 미드나잇 합정점,방탈출카페,TRUE,FALSE,,,,TRUE,673,852,536,FALSE,FALSE,FALSE,FALSE,FALSE,,,FALSE,[],서울 마포구 독막로7길 27 3층,0507-1403-6977,"{'latitude': 37.54916130018879, 'longitude': 126.919031999567}"
81,1592474841,씨더라이트,테마카페,TRUE,FALSE,http://www.instagram.com/see_the_light_hd,63,4165,TRUE,347,141,145,FALSE,FALSE,FALSE,FALSE,FALSE,,,FALSE,[],서울 마포구 양화로18안길 16 지하,0507-1389-9109,"{'latitude': 37.5567679, 'longitude': 126.9255024}"
83,1358327542,강북롤러스케이트,스포츠시설,TRUE,FALSE,http://instagram.com/gangbook_roller_skate,729,1185,FALSE,367,83,6,FALSE,TRUE,FALSE,FALSE,FALSE,,,FALSE,[],서울 강북구 도봉로 342 B2 층,0507-1318-0123,"{'latitude': 37.6380351, 'longitude': 127.0261456}"
84,33352087,본초쌍화,테마카페,TRUE,FALSE,,,,FALSE,437,192,850,TRUE,TRUE,FALSE,FALSE,FALSE,TRUE,TRUE,FALSE,[],서울 광진구 자양로5길 33 본초쌍화(지하 2층),0507-1363-0816,"{'latitude': 37.5309805, 'longitude': 127.0842251}"
85,1074002248,구구당,퓨전음식,TRUE,FALSE,https://www.instagram.com/gugudang.seoul,59,3058,FALSE,4083,6437,279,TRUE,FALSE,FALSE,FALSE,FALSE,,,FALSE,[],서울 강남구 강남대로102길 35 구구당,0507-1362-1979,"{'latitude': 37.5032847, 'longitude': 127.0278795}"
86,1178829266,쏭타이치앙마이 신용산본점,태국음식,TRUE,FALSE,http://www.instagram.com/ssongthai_chiangmai,325,1726,FALSE,2523,1438,295,TRUE,TRUE,FALSE,TRUE,FALSE,,,FALSE,[],서울 용산구 한강대로40길 39-5 1층 쏭타이치앙마이,0507-1334-5170,"{'latitude': 37.530365, 'longitude': 126.971602}"
88,1017625819,허씨 정통중경마라샹궈 3호점,중식당,TRUE,FALSE,,,,TRUE,349,,144,FALSE,FALSE,FALSE,FALSE,FALSE,,,FALSE,[],서울 광진구 아차산로30길 17,010-2882-3387,"{'latitude': 37.5399572525698, 'longitude': 127.06761038171798}"
89,1305290629,빠레뜨한남 강남CGV점,양식,TRUE,FALSE,https://www.instagram.com/palette_hannam_gangnamcgv,273,19000,TRUE,1865,1967,398,FALSE,FALSE,FALSE,FALSE,FALSE,,,FALSE,[],서울 강남구 강남대로102길 13 2층,0507-1413-8448,"{'latitude': 37.5020433, 'longitude': 127.026878}"
90,1673647076,영메이슨 도예 스튜디오,공방,TRUE,FALSE,http://www.instagram.com/0mason.studio,578,1308,TRUE,125,11,528,FALSE,FALSE,FALSE,TRUE,FALSE,,,FALSE,[],서울 마포구 성미산로26길 29 1층,010-5189-6311,"{'latitude': 37.562658, 'longitude': 126.9232026}"
91,1431397449,보드게임카페 레드버튼 강남점,보드카페,TRUE,FALSE,,,,TRUE,2790,308,232,FALSE,FALSE,FALSE,FALSE,FALSE,,,FALSE,[],서울 강남구 강남대로 442 1층,0507-1380-3799,"{'latitude': 37.5019039857258, 'longitude': 127.02644310336484}"
92,1254251005,쥬라리움 금천점,"키즈카페,실내놀이터",TRUE,FALSE,,,,FALSE,3696,422,913,FALSE,TRUE,FALSE,FALSE,FALSE,,,FALSE,[],서울 금천구 두산로 71 3층 쥬라리움,070-8838-7542,"{'latitude': 37.4706228, 'longitude': 126.8956736}"
94,36684238,아인스카페,카페,TRUE,FALSE,http://instagram.com/_einscafe_,28,209,FALSE,211,39,592,FALSE,FALSE,FALSE,FALSE,FALSE,,,FALSE,[],서울 동대문구 경희대로 5 가동 3층,02-960-4158,"{'latitude': 37.5920734, 'longitude': 127.0521602}"
96,13544486,홍제천,"강,하천",TRUE,FALSE,,,,FALSE,8,251,633,FALSE,FALSE,FALSE,FALSE,FALSE,,,FALSE,[],서울 마포구 성산동,02-330-1405,"{'latitude': 37.5608763, 'longitude': 126.8965931}"
98,18347678,소고산제일루,중식당,TRUE,FALSE,,,,TRUE,471,552,534,TRUE,FALSE,FALSE,FALSE,FALSE,FALSE,TRUE,FALSE,[],서울 마포구 잔다리로6길 40-6 2층,02-3141-3045,"{'latitude': 37.55215033423504, 'longitude': 126.92132377119205}"
100,1103840845,369마실,차,TRUE,FALSE,http://www.instagram.com/369_masil,156,557,FALSE,324,131,239,FALSE,FALSE,FALSE,TRUE,FALSE,,,FALSE,[],서울 성북구 삼선교로4가길 13-1 369마실,0507-1320-2787,"{'latitude': 37.58702470000002, 'longitude': 127.00597970000004}"
101,1549906961,얼로우스튜디오,"셀프,대여스튜디오",TRUE,FALSE,http://www.instagram.com/studio_allow,43,1608,FALSE,2,10,202,FALSE,TRUE,FALSE,TRUE,FALSE,,,FALSE,[],서울 마포구 서강로 69 주혜빌딩6층,0507-1420-0061,"{'latitude': 37.549428, 'longitude': 126.9316793}"
102,1604498621,재팔이네닭발 대학로점,닭발,TRUE,FALSE,http://instagram.com/jaepal2ne_daehakro,58,368,TRUE,172,189,182,FALSE,FALSE,FALSE,FALSE,FALSE,,,FALSE,[],서울 종로구 대학로11길 38-18 2층,02-743-7541,"{'latitude': 37.5824832, 'longitude': 127.000673}"
103,1594490608,Academy JHK,공방,TRUE,FALSE,http://www.instagram.com/studio_jhk_official,469,973,FALSE,3,9,338,FALSE,FALSE,FALSE,FALSE,FALSE,,,FALSE,[],서울 종로구 삼일대로32가길 6 1층,02-766-0007,"{'latitude': 37.5752132, 'longitude': 126.988492}"
104,1396702463,탭퍼블릭 여의도점,"맥주,호프",TRUE,FALSE,http://www.instagram.com/tappublic,10,875,FALSE,1586,624,86,FALSE,TRUE,FALSE,FALSE,FALSE,,,FALSE,[],서울 영등포구 의사당대로 83 오투타워 2층,0507-1471-7588,"{'latitude': 37.5233663, 'longitude': 126.9234407}"
105,1776854424,리얼샷 실전사격양궁장,사격장,TRUE,FALSE,,,,TRUE,335,79,95,FALSE,FALSE,FALSE,FALSE,FALSE,,,FALSE,[],서울 종로구 대학로12길 13 2층,070-8759-0007,"{'latitude': 37.582755, 'longitude': 127.0025112}"
106,1150273610,리얼샷 플러스,사격장,TRUE,FALSE,,,,TRUE,193,43,189,FALSE,FALSE,FALSE,FALSE,FALSE,,,FALSE,[],서울 종로구 대명길 41 지하1층,070-8724-0006,"{'latitude': 37.5828882, 'longitude': 126.999416}"
107,1296669198,버드플라잉&뉴런렙시티,"카페,디저트",TRUE,FALSE,https://www.instagram.com/bird___flying,381,1401,FALSE,67,414,267,FALSE,TRUE,FALSE,TRUE,FALSE,,,FALSE,[],서울 노원구 상계로7길 25 지하 1층 버드플라이,0507-1336-1106,"{'latitude': 37.6578048, 'longitude': 127.0647144}"
108,1047950933,글루호텔,2성급,TRUE,FALSE,http://www.instagram.com/gluehotelseoul,489,11000,FALSE,183,453,694,FALSE,FALSE,FALSE,FALSE,FALSE,,,FALSE,[],서울 종로구 율곡로 228,02-2024-8400,"{'latitude': 37.5758072, 'longitude': 127.0039847}"
110,1879815027,포미가,"육류,고기요리",TRUE,FALSE,http://www.instagram.com/unicity8432,52,164,FALSE,430,344,349,FALSE,TRUE,FALSE,FALSE,FALSE,,,FALSE,[],서울 금천구 가산디지털1로 212 코오롱 애스턴 타워 110호,02-6956-7570,"{'latitude': 37.4844382, 'longitude': 126.8805848}"
111,1124250158,피자시즌,피자,TRUE,FALSE,http://instagram.com/pizzaseason_official,109,549,TRUE,497,497,336,FALSE,FALSE,FALSE,TRUE,FALSE,,,FALSE,[],서울 성동구 성수이로14길 14 성수연방 1층 피자시즌,0507-1310-6904,"{'latitude': 37.5416476, 'longitude': 127.0570218}"
112,1577258316,VOD SUITE,복합문화공간,TRUE,FALSE,http://www.instagram.com/vodsuite,36,12000,FALSE,225,109,377,FALSE,TRUE,FALSE,FALSE,FALSE,,,FALSE,[],서울 강남구 논현로120길 6,0507-1340-0791,"{'latitude': 37.5108422, 'longitude': 127.0330537}"
113,1024507268,카페올리,브런치,TRUE,FALSE,http://www.instagram.com/cafe.ollie,121,1212,FALSE,904,295,,FALSE,FALSE,FALSE,FALSE,FALSE,,,FALSE,[],서울 양천구 오목로4길 15 1층,02-2690-1902,"{'latitude': 37.5210369, 'longitude': 126.841297}"
115,1805562801,감탄성신,일식당,TRUE,FALSE,https://www.instagram.com/sungsin_01,32,1165,TRUE,3897,1367,184,FALSE,FALSE,FALSE,FALSE,FALSE,,,FALSE,[],서울 강남구 강남대로106길 14 지상1층,02-555-1516,"{'latitude': 37.50295226428572, 'longitude': 127.02670442441679}"
116,1685805793,미쁘동,일식당,TRUE,FALSE,http://instagram.com/mibbedong_official,166,5852,TRUE,2906,9592,529,TRUE,FALSE,FALSE,TRUE,FALSE,,,FALSE,[],서울 마포구 동교로38길 33-21 2층,0507-1350-1881,"{'latitude': 37.5621119, 'longitude': 126.9262048}"
118,1653433739,상무초밥 강남역점,"초밥,롤",TRUE,FALSE,,,,TRUE,2994,1297,105,FALSE,TRUE,FALSE,FALSE,FALSE,,,FALSE,[],서울 강남구 봉은사로 111 es타워 1층,0507-1326-5955,"{'latitude': 37.5051062, 'longitude': 127.0257281}"
119,1618302104,온센 광화문점,일식당,TRUE,FALSE,,,,FALSE,3532,1160,170,FALSE,TRUE,FALSE,FALSE,FALSE,,,FALSE,[],서울 중구 세종대로 136,02-318-1815,"{'latitude': 37.5684246, 'longitude': 126.9782701}"
120,1180099795,플라비 홍대점,공방,TRUE,FALSE,,,,TRUE,1023,126,407,FALSE,FALSE,FALSE,FALSE,FALSE,,,FALSE,[],서울 마포구 와우산로27길 23 지하1층,0507-1362-5769,"{'latitude': 37.5542559, 'longitude': 126.9270033}"
122,1075513586,세모담,과일,TRUE,FALSE,https://instagram.com/se.mo.dam_,556,1292,FALSE,71,131,,FALSE,TRUE,FALSE,FALSE,FALSE,,,FALSE,[],경기 안양시 만안구 삼덕로 58-3,0507-1402-6332,"{'latitude': 37.394275, 'longitude': 126.9195087}"
124,1075958805,윤정문안마원,"마사지,지압",TRUE,FALSE,,,,TRUE,275,174,219,FALSE,TRUE,FALSE,FALSE,FALSE,,,FALSE,[],서울 성동구 성수일로10길 32 창미빌딩 309호,0507-1336-9124,"{'latitude': 37.5462403, 'longitude': 127.0534028}"
125,1998117726,솔이미지,"전문,기술서비스",TRUE,FALSE,http://www.instagram.com/sol.image,637,1170,FALSE,3,3,79,FALSE,TRUE,FALSE,FALSE,FALSE,,,FALSE,[],서울 강남구 광평로56길 8-13,0507-1309-3265,"{'latitude': 37.4867657, 'longitude': 127.1031943}"
126,1773180579,펠리칸카페,"카페,디저트",TRUE,FALSE,https://www.instagram.com/pelican__cafe,126,2529,TRUE,591,464,68,FALSE,FALSE,FALSE,TRUE,FALSE,,,TRUE,[],서울 마포구 독막로14길 27,0507-1459-8305,"{'latitude': 37.5474793, 'longitude': 126.9224169}"
127,1959742624,정숙성,"육류,고기요리",TRUE,FALSE,http://instagram.com/jungsooksung,95,576,FALSE,1699,911,286,FALSE,FALSE,FALSE,FALSE,FALSE,,,TRUE,[],서울 관악구 남부순환로226길 31 1층 정숙성,0507-1370-6668,"{'latitude': 37.4791772, 'longitude': 126.9538301}"
130,392753804,피자컴퍼니 이태원,피자,TRUE,FALSE,https://www.instagram.com/pizzacompany_itw,335,1002,TRUE,410,228,338,FALSE,FALSE,FALSE,FALSE,FALSE,TRUE,TRUE,FALSE,[],서울 용산구 이태원로 143-15 1층 피자컴퍼니,0507-1413-3419,"{'latitude': 37.5346109, 'longitude': 126.9891722}"
131,1873955788,스시노칸도 홍대점,"초밥,롤",TRUE,FALSE,http://instagram.com/sushinokando_hongdae,110,1802,TRUE,1335,417,546,FALSE,FALSE,FALSE,FALSE,FALSE,,,FALSE,[],서울 마포구 잔다리로6길 30 서교뉴빌라 2층,0507-1431-6166,"{'latitude': 37.5522542, 'longitude': 126.920827}"
132,36073217,Projec D,"맥주,호프",TRUE,FALSE,http://instagram.com/projec_d,59,1005,FALSE,861,1217,65,FALSE,TRUE,FALSE,FALSE,FALSE,TRUE,TRUE,FALSE,[],서울 중구 퇴계로 343-1 동양빌딩,0507-1405-9706,"{'latitude': 37.5647741, 'longitude': 127.0097943}"
133,1179745015,반지야놀자 종로본점,공방,TRUE,FALSE,https://www.instagram.com/bannol_master,288,369,FALSE,221,357,191,FALSE,FALSE,FALSE,FALSE,FALSE,,,FALSE,[],서울 종로구 수표로 105 7층,0507-1435-1583,"{'latitude': 37.5706064, 'longitude': 126.9891559}"
134,35734815,꼭그닭 강남점,"맥주,호프",TRUE,FALSE,http://www.instagram.com/truchickenbistro,44,245,TRUE,1455,1763,290,TRUE,FALSE,FALSE,FALSE,FALSE,TRUE,FALSE,FALSE,[],서울 강남구 봉은사로4길 37 지하 1층,0507-1401-5335,"{'latitude': 37.5024642, 'longitude': 127.0270949}"
135,1634776604,컬러브루니,카페,TRUE,FALSE,,,,FALSE,16,25,313,FALSE,TRUE,FALSE,FALSE,FALSE,,,FALSE,[],서울 동작구 상도로 141 B1,02-822-0805,"{'latitude': 37.5027426, 'longitude': 126.9352266}"
136,1271253225,랩타임,와인,TRUE,FALSE,https://www.instagram.com/laptime_loungepubcafe,93,791,FALSE,210,134,124,FALSE,TRUE,FALSE,TRUE,FALSE,,,FALSE,[],서울 영등포구 당산로46가길 15 1F,02-2069-0229,"{'latitude': 37.534333586473906, 'longitude': 126.90340418640957}"
138,1569307801,아트쉬프트,갤러리카페,TRUE,FALSE,http://instagram.com/artxshift,754,3639,FALSE,141,190,121,FALSE,FALSE,FALSE,FALSE,FALSE,,,FALSE,[],서울 중구 충무로 54-17 5층,0507-1323-4823,"{'latitude': 37.565884200912, 'longitude': 126.9934747}"
140,1619683915,샐그릭,"다이어트,샐러드",TRUE,FALSE,https://www.instagram.com/salgreek_garak,97,428,FALSE,576,166,108,FALSE,TRUE,FALSE,TRUE,FALSE,,,FALSE,[],서울 송파구 중대로 105 108호 샐그릭,02-403-4029,"{'latitude': 37.49348331955094, 'longitude': 127.12014419748235}"
142,1279478929,봄날의서재 감성 스터디카페 연신내역점,스터디카페,TRUE,FALSE,https://www.instagram.com/bomnalstudy_official,117,315,FALSE,174,70,361,FALSE,FALSE,FALSE,FALSE,FALSE,,,FALSE,[],서울 은평구 연서로27길 14 영화빌딩 2층,0507-1382-1290,"{'latitude': 37.6181647, 'longitude': 126.9179479}"
143,1312851479,칙바이칙 강남역점,햄버거,TRUE,FALSE,https://www.instagram.com/chickbychick,204,15000,TRUE,1548,1358,169,FALSE,TRUE,FALSE,FALSE,FALSE,,,FALSE,[],서울 강남구 강남대로94길 15 S2빌딩 1층,0507-1430-6155,"{'latitude': 37.4996233, 'longitude': 127.0286202}"
144,1857259161,HIDE AND SEEK 홍대점,방탈출카페,TRUE,FALSE,https://www.instagram.com/hideandseek_official_,34,2103,TRUE,963,265,456,FALSE,FALSE,FALSE,FALSE,FALSE,,,FALSE,[],서울 마포구 월드컵북로6길 24-7 SANTOH빌딩 지하1층,010-6529-5900,"{'latitude': 37.5581663, 'longitude': 126.9202549}"
145,1305548369,레푸스 미아점,발관리,TRUE,FALSE,https://www.instagram.com/refussmia,98,144,FALSE,1234,243,156,FALSE,TRUE,FALSE,TRUE,FALSE,,,FALSE,[],서울 강북구 도봉로 175 3층,0507-1444-7075,"{'latitude': 37.62432433381265, 'longitude': 127.02667696498447}"
146,36703963,본가스시 현대백화점천호점,"초밥,롤",TRUE,FALSE,,,,FALSE,594,81,4,FALSE,FALSE,FALSE,FALSE,FALSE,,,FALSE,[],서울 강동구 천호대로 1005 현대백화점천호점 B2,0507-1324-8829,"{'latitude': 37.5387606, 'longitude': 127.1243852}"
148,36705768,본가스시 현대백화점신촌점,"초밥,롤",TRUE,FALSE,,,,TRUE,132,35,153,FALSE,FALSE,FALSE,FALSE,FALSE,,,FALSE,[],서울 서대문구 신촌로 83 현대백화점신촌점 B1,02-3145-2089,"{'latitude': 37.55592376404261, 'longitude': 126.93585726831267}"
150,1776947568,다락방 OTT,DVD방,TRUE,FALSE,https://www.instagram.com/darockbang_ott,364,137,FALSE,63,5,229,FALSE,FALSE,FALSE,TRUE,FALSE,,,FALSE,[],서울 중구 장충단로13길 11 4층,0507-1334-6786,"{'latitude': 37.5677735, 'longitude': 127.0080385}"
152,1928437084,8번가,카페,TRUE,FALSE,https://instagram.com/8streetcoffee,185,343,FALSE,727,492,704,FALSE,FALSE,FALSE,FALSE,FALSE,,,FALSE,[],서울 동대문구 경희대로3길 8 1층8번가카페,02-969-0003,"{'latitude': 37.5928268, 'longitude': 127.051998}"
154,20118913,코리아스파 명동본점,"피부,체형관리",TRUE,FALSE,,,,TRUE,147,74,303,FALSE,FALSE,FALSE,FALSE,FALSE,,,FALSE,[],서울 중구 명동7길 8 미래빌딩 4층,02-3789-3382,"{'latitude': 37.5642362, 'longitude': 126.9847333}"
155,1150141479,타임캡슐성수,공방,TRUE,FALSE,https://www.instagram.com/timecapsule_seongsu,118,489,TRUE,51,37,822,FALSE,FALSE,FALSE,FALSE,FALSE,,,FALSE,[],서울 성동구 성덕정길 102 2층,0507-1333-0798,"{'latitude': 37.5373175, 'longitude': 127.0548221}"
156,1768301141,셀리앙,공방,TRUE,FALSE,https://www.instagram.com/selian_class,667,987,FALSE,198,79,58,FALSE,TRUE,FALSE,FALSE,FALSE,,,FALSE,[],서울 성동구 무학로 8 103호,0507-1490-3433,"{'latitude': 37.5647096, 'longitude': 127.0303724}"
177,1149373194,아이존팝 노원점,오락실,TRUE,FALSE,,,,FALSE,164,117,67,FALSE,FALSE,FALSE,FALSE,FALSE,,,FALSE,[],서울 노원구 노해로 485 지하 2층,0507-1369-2506,"{'latitude': 37.6548884, 'longitude': 127.0619826}"
178,1556086919,그라동빵집,베이커리,TRUE,FALSE,https://www.instagram.com/gradon.bakery,260,488,FALSE,751,168,652,FALSE,TRUE,FALSE,FALSE,FALSE,,,FALSE,[],서울 송파구 동남로8길 29 1층,0507-1495-3411,"{'latitude': 37.48889457506392, 'longitude': 127.12725940296468}"
179,1506505883,도베르,"카페,디저트",TRUE,FALSE,,,,FALSE,515,88,242,FALSE,FALSE,FALSE,TRUE,FALSE,,,FALSE,[],서울 강북구 한천로139나길 17 1층 도베르,0507-1497-4477,"{'latitude': 37.6394995, 'longitude': 127.0246242}"
181,1229572297,더홀릭보드게임카페 수유역점,보드카페,TRUE,FALSE,https://www.instagram.com/theholic.boardgame,12,169,FALSE,1716,147,128,FALSE,TRUE,FALSE,FALSE,FALSE,,,FALSE,[],서울 강북구 노해로8길 29 4층,070-4027-8077,"{'latitude': 37.6385167, 'longitude': 127.02422}"
182,1740824640,살팀보카,이탈리아음식,TRUE,FALSE,,,,FALSE,259,394,248,FALSE,TRUE,FALSE,TRUE,FALSE,,,FALSE,[],서울 용산구 한강대로76길 11-36 1층,0507-1353-1469,"{'latitude': 37.5423324, 'longitude': 126.9737605}"
183,1173195149,돈카와치 성신여대역점,돈가스,TRUE,FALSE,https://www.instagram.com/donkawachi_official,420,1063,FALSE,7029,797,170,FALSE,FALSE,FALSE,FALSE,FALSE,,,FALSE,[],서울 성북구 동소문로24길 9 1층,0507-1301-4776,"{'latitude': 37.5933297, 'longitude': 127.0186548}"
184,1373989551,세광양대창 논현점,"곱창,막창,양",TRUE,FALSE,,,,TRUE,544,1242,227,FALSE,TRUE,FALSE,FALSE,FALSE,,,FALSE,[],서울 강남구 강남대로118길 12,02-558-8484,"{'latitude': 37.50624955731728, 'longitude': 127.02469982380396}"
185,1906738323,교대이층집 시청점,"육류,고기요리",TRUE,FALSE,https://www.instagram.com/sgf_life,993,10000,FALSE,656,306,213,FALSE,FALSE,FALSE,FALSE,FALSE,,,FALSE,[],서울 중구 남대문로1길 38 2층 (북창동),02-318-6882,"{'latitude': 37.5627980003502, 'longitude': 126.977444879206}"
186,1273062221,교대이층집 상암점,"육류,고기요리",TRUE,FALSE,https://www.instagram.com/sgf_life,993,10000,FALSE,499,596,260,FALSE,TRUE,FALSE,FALSE,FALSE,,,FALSE,[],서울 마포구 월드컵북로48길 19 상암 빌딩 2층,02-3152-8878,"{'latitude': 37.57711119975599, 'longitude': 126.894743700137}"
187,1352354165,빠네돌체,브런치,TRUE,FALSE,https://www.instagram.com/panedolce21,28,731,FALSE,390,82,489,FALSE,TRUE,FALSE,FALSE,FALSE,,,TRUE,[],서울 마포구 마포대로4다길 31 5층,0507-1422-2559,"{'latitude': 37.5356484, 'longitude': 126.9442679}"
189,1551717961,공샤브,한식,TRUE,FALSE,,,,TRUE,513,143,235,FALSE,TRUE,FALSE,FALSE,FALSE,,,FALSE,[],"서울 종로구 종로 19 지하1층 비114에이-1, 비114에이-2. 비 115에이-2. 비115에이-3호(종로1가, 르메이에르종로타운)",0507-1437-1006,"{'latitude': 37.5708345, 'longitude': 126.9798606}"
190,1191441242,애월연어 연남점,퓨전음식,TRUE,FALSE,https://www.instagram.com/aewolsalmon_yeon_nam,179,552,TRUE,2473,772,622,FALSE,FALSE,FALSE,TRUE,FALSE,,,FALSE,[],서울 마포구 동교로 262-11 1층 애월연어 연남점,0507-1418-2621,"{'latitude': 37.5627381, 'longitude': 126.925689}"
191,1847386933,가배랑솜 인사동 카페,"카페,디저트",TRUE,FALSE,,,,TRUE,665,363,386,FALSE,FALSE,FALSE,FALSE,FALSE,,,FALSE,[],서울 종로구 인사동길 37 2층,02-730-2185,"{'latitude': 37.5736982, 'longitude': 126.9851984}"
192,1720118086,티유치과의원,치과,TRUE,FALSE,https://www.instagram.com/tudentalclinic,518,3904,TRUE,1922,346,,FALSE,TRUE,FALSE,FALSE,FALSE,,,FALSE,[],서울 서초구 서초대로77길 54 서초 더블유타워 12층 티유치과의원,02-598-8896,"{'latitude': 37.5024994, 'longitude': 127.0248277}"
193,658897525,마사 타코,"멕시코,남미음식",TRUE,FALSE,https://www.instagram.com/masa.tacos,243,3046,TRUE,634,393,709,FALSE,TRUE,FALSE,TRUE,FALSE,,,FALSE,[],서울 강남구 압구정로10길 30-8,02-545-6915,"{'latitude': 37.52200599697894, 'longitude': 127.02171272424039}"
194,12326432,삼원갤러리,"갤러리,화랑",TRUE,FALSE,https://www.instagram.com/samwongallery,281,1958,FALSE,28,308,13,FALSE,TRUE,FALSE,FALSE,FALSE,FALSE,TRUE,FALSE,[],서울 광진구 천호대로 549 G-TOWER 5층,02-468-9908,"{'latitude': 37.5576634, 'longitude': 127.0792944}"
195,1152009975,스밈,공방,TRUE,FALSE,https://www.instagram.com/smim0324,170,265,FALSE,3,21,379,FALSE,TRUE,FALSE,FALSE,FALSE,,,FALSE,[],서울 강서구 마곡중앙2로 35 이너매스2마곡 5층 503호,0507-1367-6168,"{'latitude': 37.557965, 'longitude': 126.8306618}"
197,1456811957,본타이 잠실새내역점,"마사지,지압",TRUE,FALSE,,,,FALSE,34,25,235,FALSE,FALSE,FALSE,FALSE,FALSE,,,FALSE,[],서울 송파구 백제고분로15길 59 2층,0507-1495-0357,"{'latitude': 37.5105587, 'longitude': 127.084343}"
198,1288244187,마리포사 스테인드글라스,유리공예,TRUE,FALSE,https://www.instagram.com/mariposa.glass,643,836,FALSE,5,36,966,FALSE,FALSE,FALSE,FALSE,FALSE,,,FALSE,[],서울 용산구 신흥로 139 1층 좌측 마리포사 스테인드글라스,0507-1397-8218,"{'latitude': 37.5455733, 'longitude': 126.9817216}"
199,1610247722,라면편의점,라면,TRUE,FALSE,,,,FALSE,9,129,104,FALSE,FALSE,FALSE,FALSE,FALSE,,,FALSE,[],서울 종로구 돈화문로 11,,"{'latitude': 37.5695085, 'longitude': 126.9920927}"
201,1539414265,퍼플독 송파본점,와인,TRUE,FALSE,https://www.instagram.com/purpledog_official,54,3593,FALSE,628,437,623,FALSE,TRUE,FALSE,FALSE,FALSE,,,FALSE,[],서울 송파구 가락로 94 지하1층,0507-1362-4421,"{'latitude': 37.50072295062321, 'longitude': 127.10661744734495}"
202,1598622072,키퍼스마켓 매봉점,카페,TRUE,FALSE,https://www.instagram.com/keepers.market_official,157,415,FALSE,191,97,261,FALSE,FALSE,FALSE,TRUE,FALSE,,,FALSE,[],서울 강남구 논현로28길 56 1층~2층,0507-1415-9109,"{'latitude': 37.48469613750692, 'longitude': 127.04641659561821}"
203,1261546000,칙바이칙 학동역점,햄버거,TRUE,FALSE,https://www.instagram.com/chickbychick,204,15000,FALSE,689,154,27,FALSE,FALSE,FALSE,FALSE,FALSE,,,FALSE,[],서울 강남구 학동로 213 제현빌딩 1층,0507-1363-3156,"{'latitude': 37.5146982, 'longitude': 127.0323592}"
204,1453279077,리체드로잉,공방,TRUE,FALSE,https://www.instagram.com/rryche_drawing,133,549,TRUE,160,11,550,FALSE,FALSE,FALSE,TRUE,FALSE,,,FALSE,[],서울 마포구 홍익로5안길 53-4 리체드로잉,0507-1350-1421,"{'latitude': 37.5525494, 'longitude': 126.9203936}"
206,1912970965,자유아로마,공방,TRUE,FALSE,https://www.instagram.com/jayou_aroma,525,878,FALSE,2,25,,FALSE,FALSE,FALSE,FALSE,FALSE,,,FALSE,[],서울 금천구 금하로24길 20 지하1층 자유아로마공방,010-7508-0322,"{'latitude': 37.4500828, 'longitude': 126.9083468}"
207,1342404733,시스올로지 홍대쇼룸,"화장품,향수",TRUE,FALSE,http://www.instagram.com/sisology_official,420,5883,TRUE,302,100,464,FALSE,FALSE,FALSE,FALSE,FALSE,,,FALSE,[],서울 마포구 와우산로18길 34 1층,070-4647-1528,"{'latitude': 37.5516959, 'longitude': 126.9239698}"
208,1331305271,카쿠시타,이자카야,TRUE,FALSE,http://www.instagram.com/kakusita_izakaya,58,2665,TRUE,850,1673,499,TRUE,FALSE,FALSE,FALSE,FALSE,,,TRUE,[],서울 마포구 동교로38길 33-15,070-4187-8787,"{'latitude': 37.5618618, 'longitude': 126.9261811}"
210,1080492815,화씨이육공 사당점,"육류,고기요리",TRUE,FALSE,https://www.instagram.com/hwac260_sadang,101,660,FALSE,698,885,154,FALSE,FALSE,FALSE,FALSE,FALSE,,,FALSE,[],서울 서초구 방배천로2길 15,02-583-2605,"{'latitude': 37.4770956, 'longitude': 126.9835814}"
211,1461811104,화이트글래스,"카페,디저트",TRUE,FALSE,,,,TRUE,440,184,398,FALSE,TRUE,FALSE,FALSE,FALSE,,,FALSE,[],서울 성동구 상원12길 34 서울숲에이원센터 1층 108호 109호,02-2210-7876,"{'latitude': 37.5495773, 'longitude': 127.0502924}"
213,1775587949,entry55,"공연,연극시설",TRUE,FALSE,https://www.instagram.com/entry55_official,85,10000,FALSE,1032,373,147,FALSE,FALSE,FALSE,FALSE,FALSE,,,FALSE,[],서울 동작구 동작대로1길 18 B-102,0507-1392-0285,"{'latitude': 37.47739, 'longitude': 126.9803895}"
214,1541120515,오오도리 ODORI,일본식라면,TRUE,FALSE,https://www.instagram.com/odori.official,57,841,TRUE,72,103,500,FALSE,TRUE,FALSE,FALSE,FALSE,,,FALSE,[],서울 용산구 녹사평대로54길 12 1층(이태원동),0507-1390-5591,"{'latitude': 37.53917545191917, 'longitude': 126.9878960439578}"
215,35085136,박선생헤드스파,미용,TRUE,FALSE,,,,TRUE,4,1,98,FALSE,FALSE,FALSE,FALSE,FALSE,,,FALSE,[],서울 중구 명동8가길 48 재성빌딩 4층,02-752-0306,"{'latitude': 37.5617335, 'longitude': 126.9877456}"
216,1179666839,오스틴타코 낙성대본점,"멕시코,남미음식",TRUE,FALSE,https://www.instagram.com/austintaco_official,51,392,FALSE,324,112,272,FALSE,FALSE,FALSE,FALSE,FALSE,,,FALSE,[],서울 관악구 봉천로 566-1 동아오피스텔 1층,0507-1409-7709,"{'latitude': 37.4774572, 'longitude': 126.9603969}"
217,1111096673,카페2.7,"카페,디저트",TRUE,FALSE,https://www.instagram.com/cafe_2.7,315,3807,FALSE,449,609,494,FALSE,TRUE,FALSE,FALSE,FALSE,,,FALSE,[],서울 송파구 백제고분로36가길 15 201-1호,02-2135-9030,"{'latitude': 37.5044735, 'longitude': 127.1016873}"
218,1451950518,LE CAFE,"카페,디저트",TRUE,FALSE,https://www.instagram.com/lecafeofficial,41,2353,TRUE,169,178,400,FALSE,TRUE,FALSE,TRUE,FALSE,,,FALSE,[],서울 강남구 강남대로156길 48 1층,0507-1339-3401,"{'latitude': 37.51907894064271, 'longitude': 127.02277561694382}"
220,1256527692,오술차 건대점,요리주점,TRUE,FALSE,http://www.instagram.com/osulcha_gundae,707,622,TRUE,345,523,153,FALSE,FALSE,FALSE,FALSE,FALSE,,,FALSE,[],서울 광진구 동일로22길 68 2층,02-498-5009,"{'latitude': 37.5413909, 'longitude': 127.0678346}"
221,594661160,제일제면소 N서울타워점,국수,TRUE,FALSE,,,,FALSE,949,97,,FALSE,FALSE,FALSE,FALSE,FALSE,,,FALSE,[],서울 용산구 남산공원길 105 서울타워 광장층,02-318-4146,"{'latitude': 37.55119129999999, 'longitude': 126.98799960000001}"
223,1465309007,청담나인,이탈리아음식,TRUE,FALSE,https://www.instagram.com/nine_chungdam,281,3885,FALSE,157,222,274,FALSE,TRUE,FALSE,FALSE,FALSE,,,TRUE,[],"서울 강남구 삼성로 634 B1, B2",0507-1451-9800,"{'latitude': 37.5166497, 'longitude': 127.0518752}"
225,1349415035,피토테일,공방,TRUE,FALSE,http://www.instagram.com/phytotail_haley,375,1600,FALSE,39,40,536,FALSE,TRUE,FALSE,FALSE,FALSE,,,FALSE,[],서울 용산구 대사관로6길 31 103호,0507-1396-0566,"{'latitude': 37.5332302, 'longitude': 126.9990834}"
226,1476560900,언플러그드 신촌,라이브카페,TRUE,FALSE,,,,TRUE,88,66,163,FALSE,TRUE,FALSE,FALSE,FALSE,,,FALSE,[],서울 서대문구 연세로 13 유플렉스 11층,02-3145-3082,"{'latitude': 37.5567499, 'longitude': 126.9365982}"
228,1272971962,호랑이흥취,요리주점,TRUE,FALSE,https://www.instagram.com/cheerful_tiger_suyu,54,205,FALSE,221,102,177,FALSE,FALSE,FALSE,FALSE,FALSE,,,FALSE,[],"서울 강북구 덕릉로41길 100 1층, 2층",02-6953-0009,"{'latitude': 37.638466, 'longitude': 127.0277342}"
229,37565336,메타비,"광고,마케팅",TRUE,FALSE,,,,FALSE,4,4,211,FALSE,TRUE,FALSE,FALSE,FALSE,,,FALSE,[],서울 동작구 상도로 35 4층 403호,0507-1308-4871,"{'latitude': 37.5000184, 'longitude': 126.9244573}"
231,1726937934,오츠마미,일식당,TRUE,FALSE,,,,FALSE,17,14,834,FALSE,TRUE,FALSE,FALSE,FALSE,,,FALSE,[],서울 강남구 언주로152길 15-6 1층,02-541-2170,"{'latitude': 37.5231776, 'longitude': 127.0349084}"
232,1039246163,게임파티룸 생텀 강남점,장소대여,TRUE,FALSE,https://www.instagram.com/sanctum_party,4,98,FALSE,27,3,197,FALSE,FALSE,FALSE,FALSE,FALSE,,,FALSE,[],서울 서초구 강남대로91길 28 원빌딩 지층,0507-1344-6709,"{'latitude': 37.5122522, 'longitude': 127.0191942}"
233,1026385097,풍자네부엌,요리주점,TRUE,FALSE,https://www.instagram.com/pungjane2021,485,546,FALSE,117,129,195,FALSE,TRUE,FALSE,TRUE,FALSE,,,FALSE,[],"서울 강동구 양재대로 1339 1층 22, 23호",0507-1395-0396,"{'latitude': 37.525957700000006, 'longitude': 127.1350289}"
234,1963416786,아리한복,한복대여,TRUE,FALSE,https://www.instagram.com/ari.hanbok,156,1034,FALSE,163,84,181,FALSE,FALSE,FALSE,FALSE,FALSE,,,FALSE,[],서울 종로구 자하문로 20 3층 아리한복,010-3221-8432,"{'latitude': 37.5778616, 'longitude': 126.9722398}"
236,1444299382,성수로운,양식,TRUE,FALSE,https://www.instagram.com/like_seongsu,232,9711,TRUE,302,611,358,FALSE,FALSE,FALSE,TRUE,FALSE,,,TRUE,[],서울 성동구 아차산로7길 28 1층,0507-1370-5174,"{'latitude': 37.547327, 'longitude': 127.0555206}"
237,1246915366,미나리삼겹살 본점,돼지고기구이,TRUE,FALSE,,,,FALSE,201,290,309,FALSE,FALSE,FALSE,FALSE,FALSE,,,FALSE,[],서울 관악구 신림로70길 7 1층,0507-1382-4447,"{'latitude': 37.4877539, 'longitude': 126.9292187}"
239,1324169976,LSD SEOUL,와인,TRUE,FALSE,https://www.instagram.com/lsd_seoul,35,4953,TRUE,70,63,316,FALSE,FALSE,FALSE,TRUE,FALSE,,,FALSE,[],서울 용산구 이태원로16길 14-3 1층 단독 흰색건물,0507-1453-4446,"{'latitude': 37.5334448, 'longitude': 126.99110260000002}"
240,1973645577,디그이지,"카페,디저트",TRUE,FALSE,https://www.instagram.com/dig_ez123,90,741,TRUE,436,179,689,FALSE,FALSE,FALSE,FALSE,FALSE,,,FALSE,[],서울 마포구 동교로41길 36-7 1층 디그이지,0507-1320-0950,"{'latitude': 37.5641159, 'longitude': 126.9234768}"
241,1416420416,고우성수,한식,TRUE,FALSE,https://www.instagram.com/gowoo_seongsu,48,266,TRUE,913,1789,414,FALSE,FALSE,FALSE,FALSE,FALSE,,,FALSE,[],서울 성동구 연무장길 9-1 2층,0507-1428-0391,"{'latitude': 37.54390771759856, 'longitude': 127.05075401296581}"
243,1388682402,사유의서재 남산,양식,TRUE,FALSE,https://www.instagram.com/sayu.winesalon,281,7139,TRUE,450,920,163,FALSE,TRUE,FALSE,FALSE,FALSE,,,TRUE,[],서울 중구 퇴계로20길 13,0507-1319-0957,"{'latitude': 37.5596784, 'longitude': 126.98588040000001}"
245,1433247702,한라맥주 서울연신내점,"맥주,호프",TRUE,FALSE,,,,FALSE,209,117,199,FALSE,FALSE,FALSE,FALSE,FALSE,,,FALSE,[],서울 은평구 연서로29길 14-9 1층,0507-1401-4577,"{'latitude': 37.6194555, 'longitude': 126.9189991}"
246,1871323055,어텐디 한남,"카페,디저트",TRUE,FALSE,https://www.instagram.com/cafe_attendy,66,2220,TRUE,39,42,208,FALSE,FALSE,FALSE,FALSE,FALSE,,,FALSE,[],서울 용산구 한남대로27길 66 4층 401호,0507-1331-7394,"{'latitude': 37.5396025, 'longitude': 127.0030129}"
247,1081109811,월에버,카페,TRUE,FALSE,,,,FALSE,26,53,886,FALSE,FALSE,FALSE,TRUE,FALSE,,,FALSE,[],서울 마포구 동교로51안길 12 1층 주택,0507-1366-7952,"{'latitude': 37.5652823, 'longitude': 126.9248244}"
248,1403632278,PITC,"카페,디저트",TRUE,FALSE,https://www.instagram.com/pitc_official,73,6031,FALSE,333,671,993,FALSE,FALSE,TRUE,FALSE,FALSE,,,FALSE,[],서울 마포구 성미산로11길 13 (성산동),070-8886-2688,"{'latitude': 37.5612003, 'longitude': 126.9162859}"
249,840353517,후암주방,"임대,대여",TRUE,FALSE,https://www.instagram.com/huamkitchen,390,2200,FALSE,516,78,545,FALSE,FALSE,FALSE,FALSE,FALSE,,,FALSE,[],서울 용산구 후암로35길 39,070-4129-6552,"{'latitude': 37.5497052, 'longitude': 126.9761197}"
251,1966370442,팔각도 연신내역점,닭갈비,TRUE,FALSE,https://www.instagram.com/8gakdo_yeonsinnae,368,1025,FALSE,3668,834,271,FALSE,TRUE,FALSE,FALSE,FALSE,,,FALSE,[],서울 은평구 연서로29길 20-12 1층,0507-1324-9747,"{'latitude': 37.6196111, 'longitude': 126.9187315}"
252,1647273904,털보네쪽갈비,한식,TRUE,FALSE,,,,FALSE,474,136,169,FALSE,FALSE,FALSE,FALSE,FALSE,,,FALSE,[],서울 강북구 월계로7나길 35 1층,0507-1323-0703,"{'latitude': 37.612603614392, 'longitude': 127.03190917897902}"
254,38426292,디오리엔탈스파,"피부,체형관리",TRUE,FALSE,https://www.instagram.com/deo_spa,73,491,TRUE,619,469,,FALSE,TRUE,FALSE,FALSE,FALSE,,,FALSE,[],서울 강남구 논현로175길 69 원영빌딩 4층,0507-1327-8553,"{'latitude': 37.5238424, 'longitude': 127.0234711}"
255,1426345252,비노비누,공방,TRUE,FALSE,https://www.instagram.com/vinosoap,285,254,FALSE,,1,238,FALSE,TRUE,FALSE,FALSE,FALSE,,,FALSE,[],서울 서대문구 수색로2길 28 2층,0507-1302-6638,"{'latitude': 37.5700732, 'longitude': 126.9162344}"
256,1250733217,복자상회포차,포장마차,TRUE,FALSE,https://www.instagram.com/nyanyajam,1,9,FALSE,1,2,806,FALSE,FALSE,FALSE,FALSE,FALSE,,,FALSE,[],서울 영등포구 신길로 181-1,02-6326-4037,"{'latitude': 37.5084306, 'longitude': 126.9107694}"
257,13204930,벨라테라피,"마사지,지압",TRUE,FALSE,https://www.instagram.com/bellatherapy01,63,120,TRUE,867,1056,235,FALSE,TRUE,FALSE,FALSE,FALSE,,,FALSE,[],서울 마포구 홍익로 25 6층 벨라테라피,0507-1367-1526,"{'latitude': 37.554433, 'longitude': 126.9219995}"
259,1432207395,홍대향수공방 뤼미에르퍼퓸 홍대,공방,TRUE,FALSE,,,,TRUE,829,56,320,FALSE,FALSE,FALSE,TRUE,FALSE,,,FALSE,[],서울 마포구 동교로 227-11 2층,0507-1378-7606,"{'latitude': 37.5607759, 'longitude': 126.9235147}"
261,1776094666,홍대향수공방 뤼미에르퍼퓸 연남,공방,TRUE,FALSE,https://www.instagram.com/lumiere_parfum_,11,1228,TRUE,12368,608,320,FALSE,FALSE,FALSE,TRUE,FALSE,,,FALSE,[],서울 마포구 동교로 227-11 3층,0507-1382-7606,"{'latitude': 37.5607774, 'longitude': 126.9235159}"
263,1048346906,성수향수공방 뤼미에르퍼퓸 성수,공방,TRUE,FALSE,https://www.instagram.com/lumiere_seongsu,13,690,TRUE,10023,483,316,FALSE,FALSE,FALSE,TRUE,FALSE,,,FALSE,[],서울 성동구 연무장길 49 원창실업 나동 301호,0507-1350-7606,"{'latitude': 37.54270080000001, 'longitude': 127.05485670000002}"
264,1140751599,K SPOT 수국전망대 카페,"카페,디저트",TRUE,FALSE,https://www.instagram.com/k_spot_official,50,1026,FALSE,325,115,127,FALSE,FALSE,FALSE,TRUE,FALSE,,,FALSE,[],서울 중구 퇴계로 33 서울로7017 육교 위(2층) K-SPOT Cafe,0507-1403-7224,"{'latitude': 37.5565672, 'longitude': 126.9731931}"
265,1001892852,은행골 여의도점,"초밥,롤",TRUE,FALSE,,,,FALSE,669,575,444,FALSE,FALSE,FALSE,FALSE,FALSE,,,FALSE,[],서울 영등포구 국제금융로8길 19 중앙빌딩 108호,02-784-4988,"{'latitude': 37.5207633, 'longitude': 126.9291485}"
266,1320893582,한술식당 신촌점,한식,TRUE,FALSE,https://www.instagram.com/hansul_sinchon,31,272,TRUE,2351,221,356,FALSE,FALSE,FALSE,FALSE,FALSE,,,TRUE,[],서울 서대문구 연세로4길 40 1층,0507-1479-8267,"{'latitude': 37.5578833, 'longitude': 126.9388417}"
267,1242070068,백식당,일식당,TRUE,FALSE,,,,TRUE,3092,1277,457,FALSE,FALSE,FALSE,FALSE,FALSE,,,FALSE,[],서울 마포구 동교로38길 28 2층,0507-1311-0487,"{'latitude': 37.5616341, 'longitude': 126.9254848}"
269,1637809662,23플래터,이탈리아음식,TRUE,FALSE,http://www.instagram.com/23Platter,251,426,TRUE,608,513,386,FALSE,FALSE,FALSE,TRUE,FALSE,,,FALSE,[],서울 마포구 잔다리로3안길 36 1층 23플래터,0507-1340-5417,"{'latitude': 37.5504711, 'longitude': 126.9193693}"
271,39199184,V Studio 음악연습실,장소대여,TRUE,FALSE,http://www.instagram.com/vstudio_cafe.v,235,1230,FALSE,458,106,469,FALSE,TRUE,FALSE,TRUE,FALSE,,,FALSE,[],서울 강동구 천호대로162가길 8,0507-1313-5896,"{'latitude': 37.5345168, 'longitude': 127.1283655}"
273,1268383294,올리다 둔촌역점,"카페,디저트",TRUE,FALSE,,,,FALSE,231,119,139,FALSE,TRUE,FALSE,FALSE,FALSE,,,FALSE,[],서울 강동구 풍성로 216 1층,0507-1369-5687,"{'latitude': 37.52898493267691, 'longitude': 127.13557131234703}"
274,1683267156,밀파니,베이커리,TRUE,FALSE,,,,FALSE,5875,485,453,FALSE,TRUE,FALSE,FALSE,FALSE,,,FALSE,[],"서울 송파구 위례서로 273 밀파니 타워 1층, 2층",02-406-0810,"{'latitude': 37.489137, 'longitude': 127.142495}"
276,1485534307,에드엣 가로수길,브런치,TRUE,FALSE,https://www.instagram.com/add.garosoo,457,1411,TRUE,357,217,724,FALSE,TRUE,FALSE,TRUE,FALSE,,,FALSE,[],서울 강남구 압구정로10길 30-9 지하1층,02-6489-1717,"{'latitude': 37.5220492, 'longitude': 127.0215649}"
277,1010633726,오르페우스,"다이어트,샐러드",TRUE,FALSE,https://www.instagram.com/orpheus.kr,44,152,TRUE,119,97,340,FALSE,FALSE,FALSE,TRUE,FALSE,,,FALSE,[],서울 마포구 포은로 12 1층,0507-1385-0560,"{'latitude': 37.5493343, 'longitude': 126.9095728}"
279,1878060311,조르노에노떼,이탈리아음식,TRUE,FALSE,https://www.instagram.com/giornoenotte_seoul,132,192,FALSE,147,78,754,FALSE,FALSE,FALSE,FALSE,FALSE,,,,[],서울 송파구 오금로29길 4-1 1층 101호,010-9973-3580,"{'latitude': 37.507025, 'longitude': 127.1211861}"
280,1626485111,온더써드,"카페,디저트",TRUE,FALSE,http://instagram.com/on_the_3rd,471,625,FALSE,431,119,174,FALSE,TRUE,FALSE,TRUE,FALSE,,,FALSE,[],서울 동대문구 왕산로 33 1층,0507-1329-6021,"{'latitude': 37.57703676399664, 'longitude': 127.0270665579788}"
281,1147284926,라콤,"카페,디저트",TRUE,FALSE,https://www.instagram.com/racomm_bab2,58,55,FALSE,69,31,755,FALSE,FALSE,FALSE,TRUE,FALSE,,,FALSE,[],서울 서초구 방배중앙로25길 19 1층,0507-1395-7796,"{'latitude': 37.4938621, 'longitude': 126.9850442}"
283,1533316291,쏘플파티룸 자갈자갈,장소대여,TRUE,FALSE,https://www.instagram.com/ssople_partyroom,186,2362,FALSE,,27,384,FALSE,FALSE,FALSE,FALSE,FALSE,,,FALSE,[],서울 영등포구 영등포로50길 5 4층,1544-3523,"{'latitude': 37.5184141, 'longitude': 126.9094696}"
284,1213537628,더그릭베어 홍대상수점,"카페,디저트",TRUE,FALSE,https://www.instagram.com/thegreekbear,72,1535,FALSE,355,297,15,FALSE,FALSE,FALSE,FALSE,FALSE,,,FALSE,[],"서울 마포구 독막로 87 1층, 2층",0507-1372-3375,"{'latitude': 37.5479277, 'longitude': 126.9233328}"
286,1116733594,광화문특고기 정동집,소고기구이,TRUE,FALSE,,,,TRUE,149,904,358,FALSE,FALSE,FALSE,FALSE,FALSE,,,FALSE,[],서울 중구 명동길 55 3층,0507-1381-9221,"{'latitude': 37.56407344978154, 'longitude': 126.98548721854577}"
287,1124871955,스시도손,일식당,TRUE,FALSE,https://www.instagram.com/sushi_doson,32,1965,FALSE,167,312,63,FALSE,TRUE,FALSE,FALSE,FALSE,,,FALSE,[],서울 영등포구 국제금융로2길 37 S-T RENUE 2층 206-2호,0507-1313-9884,"{'latitude': 37.5229862, 'longitude': 126.92431}"
288,1873388687,타겟,"멕시코,남미음식",TRUE,FALSE,https://www.instagram.com/taget_taco,76,483,TRUE,525,164,508,FALSE,TRUE,FALSE,TRUE,FALSE,,,FALSE,[],서울 종로구 성균관로6길 2 1층 골목,0507-1317-9251,"{'latitude': 37.5846641, 'longitude': 126.9975019}"
289,1386559115,두텁,이자카야,TRUE,FALSE,https://www.instagram.com/toukkobi,18,227,FALSE,126,35,891,FALSE,FALSE,FALSE,TRUE,FALSE,,,FALSE,[],서울 용산구 신흥로36길 1 1층,0507-1312-3764,"{'latitude': 37.5466110009119, 'longitude': 126.9817589}"
291,1297964223,올디너리모먼트,"카페,디저트",TRUE,FALSE,,,,FALSE,379,178,403,FALSE,TRUE,FALSE,TRUE,FALSE,,,TRUE,[],서울 강남구 논현로30길 26 1층 올디너리모먼트,070-8822-1532,"{'latitude': 37.48404140150731, 'longitude': 127.04411214195041}"
292,1247771184,칸틴 성현점,"카페,디저트",TRUE,FALSE,https://www.instagram.com/cafe_kanteen_sh,24,58,FALSE,91,14,,FALSE,TRUE,FALSE,FALSE,FALSE,,,FALSE,[],서울 관악구 성현로 80 관악드림타운아파트 제주상가동 제1층 제109호,0507-1337-3539,"{'latitude': 37.4888904, 'longitude': 126.9493204}"
293,1950627213,데보,"카페,디저트",TRUE,FALSE,https://www.instagram.com/devo_coffee,17,146,TRUE,86,129,172,FALSE,FALSE,FALSE,FALSE,FALSE,,,FALSE,[],서울 마포구 독막로15길 19 1층 데보,0507-1388-9795,"{'latitude': 37.5486521, 'longitude': 126.9219486}"
295,1834944913,소프트컬러,바(BAR),TRUE,FALSE,https://www.instagram.com/softcolorhouse,61,634,FALSE,336,65,876,FALSE,FALSE,FALSE,TRUE,FALSE,,,FALSE,[],"서울 마포구 동교로51길 63 지층, 1층",070-8018-0580,"{'latitude': 37.5658139, 'longitude': 126.9235371}"
297,1045459528,제일곱창 방이직영점,"곱창,막창,양",TRUE,FALSE,,,,FALSE,627,1166,555,FALSE,FALSE,FALSE,FALSE,FALSE,,,FALSE,[],서울 송파구 올림픽로32길 22-13 1층,0507-1479-1532,"{'latitude': 37.51366976448207, 'longitude': 127.10876129185853}"
298,38591668,스시쟁이,"초밥,롤",TRUE,FALSE,https://www.instagram.com/suk19840,135,746,FALSE,673,329,167,FALSE,FALSE,FALSE,FALSE,FALSE,TRUE,TRUE,FALSE,[],서울 강동구 올림픽로72길 13 1층 스시쟁이,0507-1413-0733,"{'latitude': 37.5397504, 'longitude': 127.1246734}"
300,1445613402,리옴레더,공방,TRUE,FALSE,https://www.instagram.com/riomleather,164,581,FALSE,,9,615,FALSE,FALSE,FALSE,FALSE,FALSE,,,FALSE,[],서울 용산구 우사단로6길 25 리옴레더,0507-1469-2422,"{'latitude': 37.5321988, 'longitude': 126.9977629}"
301,1400338596,꼬치의품격 천호로데오점,"일식튀김,꼬치",TRUE,FALSE,,,,FALSE,89,28,273,FALSE,TRUE,FALSE,FALSE,FALSE,,,FALSE,[],"서울 강동구 올림픽로70길 61 1층 103, 104호",0507-1322-9893,"{'latitude': 37.53916932454301, 'longitude': 127.12707214900398}"
302,1059781158,신사890,양식,TRUE,FALSE,https://www.instagram.com/890__official,69,2221,TRUE,710,497,154,TRUE,FALSE,FALSE,TRUE,FALSE,,,FALSE,[],서울 강남구 강남대로152길 26 2층,0507-1439-8901,"{'latitude': 37.5175563, 'longitude': 127.021572}"
304,1831068477,오로라 타로&사주 잠실 1호점,"운세,사주",TRUE,FALSE,https://www.instagram.com/aurora_tarot.saju,299,1551,FALSE,374,336,195,FALSE,TRUE,FALSE,TRUE,FALSE,,,FALSE,[],서울 송파구 오금로18길 10 1층 101호,0507-1371-8650,"{'latitude': 37.5099712, 'longitude': 127.1104395}"
306,1918024294,아티산와규 남가좌가재울점,"육류,고기요리",TRUE,FALSE,https://www.instagram.com/artisan_wagyu,86,654,FALSE,288,112,313,FALSE,TRUE,FALSE,FALSE,FALSE,,,FALSE,[],서울 서대문구 수색로2길 39 DMC리첸시아몰 1층 111호,0507-1394-3356,"{'latitude': 37.570764200000006, 'longitude': 126.91592049999998}"
307,1651524434,러브허니,속옷,TRUE,FALSE,,,,TRUE,16,20,371,FALSE,TRUE,FALSE,FALSE,FALSE,,,FALSE,[],서울 마포구 어울마당로 47 2층 러브허니,02-322-6969,"{'latitude': 37.5494603, 'longitude': 126.9206004}"
309,1545869125,쿠치나디까사 문정점,양식,TRUE,FALSE,,,,FALSE,880,572,296,FALSE,TRUE,FALSE,FALSE,FALSE,,,FALSE,[],"서울 송파구 송파대로 201 송파테라타워2 A동 1층 A-110,111호",0507-1338-5564,"{'latitude': 37.48699479999999, 'longitude': 127.11933240000002}"
310,1513533055,어더아사 홍대본점,"카페,디저트",TRUE,FALSE,https://www.instagram.com/adas_hongdae,73,1584,TRUE,668,222,193,FALSE,FALSE,FALSE,TRUE,FALSE,,,FALSE,[],서울 마포구 와우산로23길 40 1층 102호,0507-1319-3423,"{'latitude': 37.5545732, 'longitude': 126.92363150000003}"
311,1277828060,인피니티클럽,술집,TRUE,FALSE,,,,TRUE,2,2,462,FALSE,FALSE,FALSE,FALSE,FALSE,,,FALSE,[],서울 서대문구 연세로7안길 34-3 지하1층,,"{'latitude': 37.55833672020679, 'longitude': 126.93487398734499}"
313,1002139628,그리디센트 연남,공방,TRUE,FALSE,https://www.instagram.com/greedyscent,30,2005,TRUE,291,48,486,FALSE,FALSE,FALSE,FALSE,FALSE,,,FALSE,[],서울 마포구 동교로38길 26-6 2층,0507-1483-8947,"{'latitude': 37.5617548, 'longitude': 126.9252767}"
314,1922772565,왓어샷 테니스장,"스포츠,오락",TRUE,FALSE,,,,FALSE,61,80,787,FALSE,TRUE,FALSE,FALSE,FALSE,,,FALSE,[],서울 강남구 언주로 805 준빌딩 지하 1층,0507-1363-1115,"{'latitude': 37.5221328, 'longitude': 127.0329398}"
316,1224512361,쏘플파티룸 블랑,장소대여,TRUE,FALSE,https://www.instagram.com/ssople_partyroom,186,2362,FALSE,9,9,374,FALSE,TRUE,FALSE,FALSE,FALSE,,,FALSE,[],서울 강서구 공항대로 220 우성에스비타워2 4층 404호,1544-3523,"{'latitude': 37.5587038, 'longitude': 126.8317657}"
318,1423756318,디엔오 스튜디오,공방,TRUE,FALSE,,,,FALSE,45,13,182,FALSE,FALSE,FALSE,TRUE,FALSE,,,FALSE,[],서울 종로구 대학로 20 6층 605호,0507-1350-4225,"{'latitude': 37.5728054, 'longitude': 127.0022405}"
319,1720981547,007골드커피,"카페,디저트",TRUE,FALSE,https://www.instagram.com/007_goldcoffee,119,341,FALSE,99,37,505,FALSE,TRUE,FALSE,FALSE,FALSE,,,FALSE,[],서울 송파구 오금로31길 16-3 1층,0506-900-0940,"{'latitude': 37.5074302, 'longitude': 127.1223598}"
320,1035732767,무지개맥주 왕십리점,"맥주,호프",TRUE,FALSE,,,,FALSE,262,146,268,FALSE,FALSE,FALSE,FALSE,FALSE,,,FALSE,[],서울 성동구 마조로3가길 18 2층,010-5746-6300,"{'latitude': 37.5592786, 'longitude': 127.0401289}"
322,1316324060,몽콕 합정역본점,요리주점,TRUE,FALSE,,,,TRUE,93,37,24,FALSE,TRUE,FALSE,FALSE,FALSE,,,FALSE,[],서울 마포구 독막로 5 1층,02-3144-2102,"{'latitude': 37.5490234, 'longitude': 126.9142942}"
323,1840264658,생육회관,"육류,고기요리",TRUE,FALSE,,,,TRUE,65,65,476,FALSE,FALSE,FALSE,FALSE,FALSE,,,FALSE,[],서울 서대문구 연세로12길 23 2층,0507-1431-5090,"{'latitude': 37.55911744983305, 'longitude': 126.93838600165986}"
324,1201323455,리춘시장 천호점,요리주점,TRUE,FALSE,,,,FALSE,242,384,224,FALSE,FALSE,FALSE,FALSE,FALSE,,,FALSE,[],서울 강동구 천호대로157길 15 2층,0507-1461-0942,"{'latitude': 37.5385681, 'longitude': 127.126843}"
325,1078757796,휙,"카페,디저트",TRUE,FALSE,,,,FALSE,31,21,589,FALSE,FALSE,FALSE,FALSE,FALSE,,,FALSE,[],서울 동대문구 망우로18다길 32-2 지하 1층,0507-1454-0724,"{'latitude': 37.5859737670931, 'longitude': 127.06079052139295}"
327,1076426838,초이다이닝 성수점,일식당,TRUE,FALSE,,,,TRUE,2925,715,312,FALSE,FALSE,FALSE,FALSE,FALSE,,,FALSE,[],서울 성동구 연무장길 50 2층 201호,0507-1498-5055,"{'latitude': 37.5425035, 'longitude': 127.05484510000002}"
328,1130848448,페어링서울,브런치카페,TRUE,FALSE,https://www.instagram.com/pairingseoul,30,190,FALSE,213,53,311,FALSE,TRUE,FALSE,TRUE,FALSE,,,FALSE,[],서울 마포구 광성로6길 24 3층,0507-1436-5032,"{'latitude': 37.5487807, 'longitude': 126.938681}"
330,1461021253,바 온,바(BAR),TRUE,FALSE,https://www.instagram.com/bar_on__,90,563,TRUE,66,110,413,FALSE,FALSE,FALSE,TRUE,FALSE,,,FALSE,[],서울 마포구 연희로1길 45-4 3층,0507-1416-0373,"{'latitude': 37.56124970091199, 'longitude': 126.9260261}"
332,1116088641,광화문 바틀샵 순애주,주류,TRUE,FALSE,https://instagram.com/soonejoo,224,1477,FALSE,43,60,77,FALSE,FALSE,FALSE,FALSE,FALSE,,,FALSE,[],서울 중구 서소문로 136 광화문 바틀샵 순애주,0507-1428-8971,"{'latitude': 37.5635605, 'longitude': 126.9760412}"
333,1199216200,블루벨벳 도산,"카페,디저트",TRUE,FALSE,https://www.instagram.com/bluevelvet_dosan,30,252,FALSE,97,64,482,FALSE,FALSE,FALSE,FALSE,FALSE,,,FALSE,[],서울 강남구 도산대로49길 6-10 2층,0507-1376-9807,"{'latitude': 37.5235789, 'longitude': 127.0379491}"
334,1106713288,리파인 가로수길점,한식,TRUE,FALSE,https://www.instagram.com/re.fine_garosugil,108,324,TRUE,539,182,378,FALSE,TRUE,FALSE,FALSE,FALSE,,,FALSE,[],서울 강남구 도산대로11길 25 2F,0507-1381-4225,"{'latitude': 37.5191454, 'longitude': 127.0223342}"
335,1994966454,화이,요리주점,TRUE,FALSE,https://www.instagram.com/hwai_sillim,19,203,FALSE,25,13,166,FALSE,FALSE,FALSE,FALSE,FALSE,,,FALSE,[],서울 관악구 신림로59길 15-16 지하1층,0507-1318-8644,"{'latitude': 37.4826104, 'longitude': 126.9294652}"
337,1076285144,호랑도,"육류,고기요리",TRUE,FALSE,,,,TRUE,104,182,440,FALSE,TRUE,FALSE,FALSE,FALSE,,,FALSE,[],서울 성동구 성수이로 147 호랑도 성수점,0507-1366-6224,"{'latitude': 37.5480702, 'longitude': 127.0573877}"
339,236366466,광화문특고기,소고기구이,TRUE,FALSE,,,,FALSE,522,580,89,TRUE,TRUE,FALSE,FALSE,FALSE,,,FALSE,[],서울 중구 서소문로 134-6 광화문특고기,0507-1461-9224,"{'latitude': 37.56344969999999, 'longitude': 126.9759066}"
341,1608815184,정동집,소고기구이,TRUE,FALSE,,,,FALSE,37,184,66,FALSE,TRUE,FALSE,FALSE,FALSE,,,FALSE,[],서울 중구 서소문로 134-6 3층,0507-1400-9235,"{'latitude': 37.5634497, 'longitude': 126.9759066}"
343,1270466702,타코라붐,"멕시코,남미음식",TRUE,FALSE,,,,FALSE,4,7,66,FALSE,FALSE,FALSE,FALSE,FALSE,,,FALSE,[],서울 중구 서소문로 134-6,0507-1385-9236,"{'latitude': 37.5634497, 'longitude': 126.9759066}"
344,1712388820,정동싸롱 루프탑,와인,TRUE,FALSE,https://www.instagram.com/jungdong_ssalong,52,826,FALSE,2,20,66,FALSE,FALSE,FALSE,FALSE,FALSE,,,FALSE,[],서울 중구 서소문로 134-6 5층 정동집,0507-1367-0992,"{'latitude': 37.5634497, 'longitude': 126.9759066}"
345,1507088971,이음컬러 퍼스널컬러 진단,경영컨설팅,TRUE,FALSE,https://www.instagram.com/e.um_color,572,20000,FALSE,354,65,350,FALSE,TRUE,FALSE,TRUE,FALSE,,,FALSE,[],서울 구로구 경인로 661 신도림1차푸르지오 103동,0507-1355-2974,"{'latitude': 37.5095173, 'longitude': 126.8877033}"
346,1706303662,나이트캡,양식,TRUE,FALSE,https://www.instagram.com/nightcap_seoul,46,1141,FALSE,17,21,649,FALSE,TRUE,FALSE,FALSE,FALSE,,,FALSE,[],서울 강남구 논현로152길 9 7층,0507-1430-0740,"{'latitude': 37.5211376, 'longitude': 127.0289377}"
348,1358980744,심야식당 츠키,이자카야,TRUE,FALSE,https://www.instagram.com/sjm008,626,9615,FALSE,137,138,302,FALSE,FALSE,FALSE,TRUE,FALSE,,,FALSE,[],서울 영등포구 국회대로46길 6 1층(영등포동7가),0507-1311-1648,"{'latitude': 37.525095500911696, 'longitude': 126.90463579999998}"
349,1654715759,레코드어모먼트,"사진,스튜디오",TRUE,FALSE,https://www.instagram.com/_studio_ram,210,3312,FALSE,120,64,244,FALSE,TRUE,FALSE,TRUE,FALSE,,,FALSE,[],서울 서초구 방배천로2안길 7 3층 301호,0507-1389-5986,"{'latitude': 37.477373, 'longitude': 126.9836869}"
350,1207750261,백스 테니스 아카데미 실내 테니스장,"스포츠,오락",TRUE,FALSE,https://www.instagram.com/backtennis,27,89,FALSE,15,8,526,FALSE,TRUE,FALSE,FALSE,FALSE,,,FALSE,[],서울 광진구 아차산로 453 지하1층,0507-1329-5495,"{'latitude': 37.5393885, 'longitude': 127.0924016}"
351,1002328533,디망쉬 키친,베이커리,TRUE,FALSE,http://instagram.com/dimanche_kitchen,418,2049,FALSE,5,19,702,FALSE,FALSE,FALSE,FALSE,FALSE,,,FALSE,[],서울 마포구 동교로 272-7 2층 202호,0507-1470-8784,"{'latitude': 37.5634215, 'longitude': 126.9262501}"
352,1814925919,로니스피자,피자,TRUE,FALSE,,,,FALSE,77,28,320,FALSE,FALSE,FALSE,FALSE,FALSE,,,FALSE,[],서울 양천구 목동중앙본로 115 1층 101호,0507-1305-0737,"{'latitude': 37.5459385, 'longitude': 126.8711771}"
354,1999654712,을지로 외계인,"맥주,호프",TRUE,FALSE,https://www.instagram.com/eulji_aleian,60,557,FALSE,134,63,201,FALSE,FALSE,FALSE,FALSE,FALSE,,,FALSE,[],서울 중구 퇴계로41길 31 2층,0507-1376-2370,"{'latitude': 37.563192300912, 'longitude': 126.99553779999998}"
356,1110178448,신사꽃게당 압구정로데오점,한식,TRUE,FALSE,https://www.instagram.com/sinsa507__10,181,2738,FALSE,102,54,548,FALSE,TRUE,FALSE,FALSE,FALSE,,,FALSE,[],서울 강남구 도산대로49길 13 지하1층,0507-1423-3777,"{'latitude': 37.5237444, 'longitude': 127.036967}"
357,1357260782,퍼퓰러,베트남음식,TRUE,FALSE,,,,FALSE,25,2,180,FALSE,TRUE,FALSE,FALSE,FALSE,,,FALSE,[],서울 강북구 솔샘로68길 34 1층,0507-1464-9119,"{'latitude': 37.615646, 'longitude': 127.0288685}"
359,1832023734,우리소극장,"공연,연극시설",TRUE,FALSE,,,,TRUE,,187,494,FALSE,FALSE,FALSE,FALSE,FALSE,,,FALSE,[],서울 종로구 이화장길 86-11 우리소극장,070-4618-5669,"{'latitude': 37.5792173, 'longitude': 127.0051781}"
361,1208439579,라피아 스튜디오,"사진,스튜디오",TRUE,FALSE,https://www.instagram.com/lafia_official,486,41000,TRUE,736,132,379,FALSE,FALSE,FALSE,FALSE,FALSE,,,FALSE,[],서울 서대문구 명물길 37 5층,02-362-1081,"{'latitude': 37.558529, 'longitude': 126.9384131}"
363,1035016347,피맥하우스,피자,TRUE,FALSE,,,,FALSE,300,252,372,FALSE,TRUE,FALSE,FALSE,FALSE,,,FALSE,[],서울 관악구 남부순환로 1864 1층,0507-1303-4593,"{'latitude': 37.47949, 'longitude': 126.9567828}"
365,1850654151,덴네,장소대여,TRUE,FALSE,,,,FALSE,7,1,765,FALSE,TRUE,FALSE,FALSE,FALSE,,,FALSE,[],서울 동대문구 서울시립대로27길 21 101호,0507-1393-3932,"{'latitude': 37.5835514, 'longitude': 127.0523891}"
366,1166770410,킹덤분식 홍대점,종합분식,TRUE,FALSE,https://www.instagram.com/kingdom_bunsik,1128,1474,TRUE,75,55,121,FALSE,TRUE,FALSE,FALSE,FALSE,,,FALSE,[],서울 마포구 양화로 141 L7호텔 지하1층,0507-1482-7006,"{'latitude': 37.5557535, 'longitude': 126.9216695}"
367,1728958910,서양라멘,일본식라면,TRUE,FALSE,https://www.instagram.com/yofuramen,27,84,FALSE,378,42,250,FALSE,FALSE,FALSE,FALSE,FALSE,,,FALSE,[],서울 중구 세종대로2가길 26 1층 서양라멘,02-318-5177,"{'latitude': 37.5580887, 'longitude': 126.975067}"
369,36797524,또또즐갬성술집,요리주점,TRUE,FALSE,https://www.instagram.com/ttz.sool,169,570,FALSE,88,277,135,FALSE,FALSE,FALSE,FALSE,FALSE,,,FALSE,[],서울 동작구 동작대로27가길 35 2층,0507-1309-0527,"{'latitude': 37.48606942191021, 'longitude': 126.98121336384456}"
370,1123506495,반지 체험공방 링포유 대학로 본점,공방,TRUE,FALSE,https://www.instagram.com/ringforu_class,46,100,TRUE,192,53,182,FALSE,FALSE,FALSE,FALSE,FALSE,,,FALSE,[],서울 종로구 대학로10길 26 4층 반지 체험공방 링포유 본점,0507-1343-1943,"{'latitude': 37.5816335, 'longitude': 127.0037448}"
371,1718185057,클럽용두,양식,TRUE,FALSE,https://www.instagram.com/club_yongdu,35,829,FALSE,245,21,182,FALSE,TRUE,FALSE,TRUE,FALSE,,,FALSE,[],서울 영등포구 양산로19길 13 2층,0507-1381-9610,"{'latitude': 37.5254693, 'longitude': 126.894948}"
373,1282901281,졸리테일즈,애견카페,TRUE,FALSE,https://www.instagram.com/jollytails_cafe,67,241,FALSE,159,11,830,FALSE,TRUE,FALSE,TRUE,FALSE,,,FALSE,[],서울 강서구 곰달래로 198 2층,0507-1361-5428,"{'latitude': 37.5311687, 'longitude': 126.8550207}"
374,1880840206,이끼,"카페,디저트",TRUE,FALSE,,,,FALSE,42,37,201,FALSE,TRUE,FALSE,TRUE,FALSE,,,FALSE,[],서울 중구 다산로29길 30 1층,0507-1386-2886,"{'latitude': 37.5614944, 'longitude': 127.0125603}"
375,1077748184,카밀드,양식,TRUE,FALSE,https://www.instagram.com/calmild_home,57,1335,FALSE,255,64,386,FALSE,TRUE,FALSE,TRUE,FALSE,,,FALSE,[],서울 마포구 광성로 42-1 1층,0507-1350-8326,"{'latitude': 37.5496154, 'longitude': 126.9377092}"
376,1494379359,호롱 오브제,공방,TRUE,FALSE,https://www.instagram.com/horong_objet,63,513,TRUE,5,10,189,FALSE,FALSE,FALSE,FALSE,FALSE,,,FALSE,[],서울 광진구 동일로20길 91 5층 501호,,"{'latitude': 37.5400088, 'longitude': 127.0686828}"
378,1056038050,구슬구슬 압구정점,아이스크림,TRUE,FALSE,https://www.instagram.com/ggoossle_official,52,3307,FALSE,221,73,332,FALSE,FALSE,FALSE,FALSE,FALSE,,,FALSE,[],서울 강남구 압구정로50길 28 상가동 1층 153호,0507-1371-5826,"{'latitude': 37.5265372, 'longitude': 127.0375685}"
379,1255960333,운남양꼬치 홍대본점,양꼬치,TRUE,FALSE,,,,FALSE,398,133,543,FALSE,TRUE,FALSE,FALSE,FALSE,,,FALSE,[],서울 마포구 잔다리로 130 1층,0507-1484-5128,"{'latitude': 37.55833604703741, 'longitude': 126.9132063209501}"
380,1458485135,토요 커리 논현점,아시아음식,TRUE,FALSE,https://www.instagram.com/toyo_official_kr,33,378,TRUE,241,71,323,FALSE,TRUE,FALSE,FALSE,FALSE,,,FALSE,[],서울 서초구 사평대로53길 82 1층 토요커리,0507-1488-0790,"{'latitude': 37.507923500000004, 'longitude': 127.0204542}"
381,1779698034,아르떼라윰,"꽃집,꽃배달",TRUE,FALSE,https://www.instagram.com/artelayoom,331,1211,FALSE,12,48,294,FALSE,TRUE,FALSE,FALSE,FALSE,,,FALSE,[],서울 송파구 백제고분로32길 15 1층 101호,0507-1331-0640,"{'latitude': 37.5009913, 'longitude': 127.0950993}"
382,1299065898,수크레크레페하우스,브런치카페,TRUE,FALSE,,,,TRUE,120,61,485,FALSE,FALSE,FALSE,TRUE,FALSE,,,FALSE,[],서울 마포구 동교로38길 33-12 1층,02-332-2920,"{'latitude': 37.5616997, 'longitude': 126.9262423}"
383,1755514902,레인보우포차,요리주점,TRUE,FALSE,https://www.instagram.com/rainbowpocha__,38,153,FALSE,582,54,344,FALSE,TRUE,FALSE,FALSE,FALSE,,,FALSE,[],서울 성동구 행당로17길 26 2층,0507-1363-2069,"{'latitude': 37.5606848, 'longitude': 127.0330451}"
384,1669724313,타브스 에스프레소 바,"카페,디저트",TRUE,FALSE,https://www.instagram.com/tavs_espresso_bar,78,618,FALSE,147,84,,FALSE,FALSE,FALSE,FALSE,FALSE,,,FALSE,[],서울 강남구 논현로63길 43 1층,0507-1391-1739,"{'latitude': 37.49186739562746, 'longitude': 127.03751967720214}"
385,1801682167,데니스타코 성수점,"멕시코,남미음식",TRUE,TRUE,https://www.instagram.com/dannystaco19,205,175,TRUE,455,109,258,FALSE,FALSE,FALSE,FALSE,FALSE,,,FALSE,[],서울 성동구 연무장길 37-22 1층,02-499-7767,"{'latitude': 37.5434611, 'longitude': 127.0538354}"
386,1176845784,카페 공명 연남점,"카페,디저트",TRUE,FALSE,https://www.instagram.com/cafegm_,110,5059,TRUE,2265,1371,245,FALSE,FALSE,FALSE,FALSE,FALSE,,,FALSE,[],서울 마포구 연희로 11 1층 카페 공명 연남,0507-1337-6304,"{'latitude': 37.5600312, 'longitude': 126.9264347}"
387,1007476698,산1-1,"카페,디저트",TRUE,FALSE,https://www.instagram.com/ewha_san_1_1,28,185,TRUE,2604,113,895,FALSE,TRUE,FALSE,FALSE,FALSE,,,FALSE,[],서울 종로구 낙산성곽서1길 25,010-8993-2359,"{'latitude': 37.5780744, 'longitude': 127.0079121}"
389,1073506193,카츠토랑 연남본점,돈가스,TRUE,FALSE,https://www.instagram.com/katsu_taurant,132,1082,FALSE,746,426,953,FALSE,FALSE,FALSE,FALSE,FALSE,,,FALSE,[],서울 마포구 성미산로 95 1층 카츠토랑,0507-1385-3782,"{'latitude': 37.56148499773236, 'longitude': 126.9180350954716}"